{
  "base_score": 0.830978246848067,
  "final_score": 0.830978246848067,
  "final_mutations": {
    "VIX_CRISIS": 42.0,
    "HYBRID_WARNING_MIN_CRISIS": 1,
    "HYBRID_WARNING_MIN_PRIMARY": 2,
    "SPY_DD_WARNING": -0.0576,
    "VIX_WATCH": 29.0,
    "VIX_WARNING": 37.0,
    "ACCEL_DEESCALATE_NORMAL_DAYS": 3,
    "DEESCALATE_CRISIS_DAYS": 2,
    "DEESCALATE_WARNING_DAYS": 1,
    "DEESCALATE_WATCH_DAYS": 1,
    "SPY_DD_CRISIS": -0.1,
    "SHOCK_SPY_3D_RETURN": -0.025,
    "SHOCK_SPY_5D_RETURN": -0.045,
    "SHOCK_VIX_3D_CHANGE": 5.0,
    "SHOCK_MIN_VIX": 22.0,
    "SHOCK_CORR_MIN": 0.45,
    "SHOCK_CORR_SPY_5D_RETURN": -0.02
  },
  "kept_features": [],
  "rounds": [
    {
      "round_num": 1,
      "candidates_tested": 43,
      "best_name": "slope_lookback_120",
      "best_score": 0.8311990767076403,
      "best_delta_pct": 0.026574685969325395,
      "kept": false,
      "rejected_count": 3
    }
  ],
  "final_metrics": {
    "avg_latency": 18.142857142857142,
    "max_latency": 34.0,
    "avg_action_latency": 14.857142857142858,
    "max_action_latency": 26.0,
    "avg_advisory_latency": 6.714285714285714,
    "max_advisory_latency": 17.0,
    "gfc_latency": 14.0,
    "covid_latency": 10.0,
    "crises_detected": 7,
    "total_crises": 7,
    "corrections_detected": 2,
    "total_corrections": 2,
    "correction_avg_latency": 0.5,
    "warning_fp_rate": 0.03060599877576005,
    "crisis_fp_rate": 0.008161599673536014,
    "advisory_fp_rate": 0.4239951030401959,
    "preaction_fp_rate": 0.0669251173229953,
    "avg_peak_level": 3.0,
    "total_transitions": 196,
    "transitions_per_year": 8.580958999305073,
    "pct_normal": 0.0020847810979847115,
    "pct_watch": 0.9287699791521891,
    "pct_warning": 0.034051424600416956,
    "pct_crisis": 0.03509381514940931,
    "pct_advisory_watch": 0.40462126476719945,
    "pct_preaction_watch": 0.05472550382209868,
    "avg_recovery_days": 6.428571428571429,
    "max_recovery_days": 36.0
  },
  "total_candidates": 43,
  "accepted_count": 0,
  "elapsed_seconds": 0.8595569133758545
}