{
  "accepted_count": 1,
  "base_score": 0.6376871538565225,
  "elapsed_seconds": 0.0,
  "final_metrics": {
    "active_strategies": 4.0,
    "block_rate": 0.11119936457505956,
    "blocked_trades": 140.0,
    "cagr": 0.907041124610312,
    "calmar": 9.597023922953662,
    "calmar_mtm": 9.597023922953662,
    "calmar_r": 62.21513260522733,
    "calmar_realized": 48.77072103721706,
    "final_equity": 237980.5345613896,
    "max_concurrent": 3.0,
    "max_drawdown_pct": 0.0942977657383024,
    "max_drawdown_pct_mtm": 0.0942977657383024,
    "max_drawdown_pct_realized": 0.018598066735944847,
    "max_drawdown_r": 12.085839999999962,
    "min_strategy_trades": 100.0,
    "net_profit": 187980.5345613896,
    "net_return_pct": 3.759610691227792,
    "net_return_pct_realized": 3.7702842912278456,
    "profit_factor": 3.4624417082494263,
    "risk_basis": "bar_close_mark_to_market",
    "sharpe": 5.371588122951232,
    "sortino": 9.702170650701598,
    "total_r": 751.9221382455584,
    "total_r_per_month": 25.889853034897264,
    "total_trades": 1119.0,
    "trades_per_month": 38.52891685520362,
    "win_rate": 0.6666666666666666
  },
  "final_mutations": {
    "commission_per_side": 0.62,
    "dynamic_risk": {
      "daily_loss_mult": 1.0,
      "daily_loss_threshold_R": -999.0,
      "enabled": true,
      "existing_position_mult": 0.85,
      "fit_to_remaining_directional_cap": true,
      "fit_to_remaining_family_cap": true,
      "fit_to_remaining_heat": true,
      "heat_pressure_mult": 0.65,
      "heat_pressure_threshold": 0.65,
      "max_trade_risk_R": 1.5,
      "min_qty": 1,
      "min_trade_risk_R": 0.0,
      "same_direction_pressure_mult": 0.7,
      "same_direction_pressure_threshold": 0.65,
      "strategy_multipliers": [
        [
          "NQ_REGIME",
          0.75
        ],
        [
          "VdubusNQ_v4",
          0.95
        ],
        [
          "NQDTC_v2.1",
          1.0
        ],
        [
          "DownturnDominator_v1",
          1.0
        ]
      ]
    },
    "end_date": null,
    "heat_cap_R": 6.75,
    "initial_equity": 50000.0,
    "max_total_positions": 7,
    "point_value": 2.0,
    "portfolio_daily_stop_R": 2.75,
    "portfolio_weekly_stop_R": 9.0,
    "reference_unit_risk_dollars": 250.0,
    "rules": {
      "cooldown_session_only": true,
      "dd_tiers": [
        [
          0.1,
          1.0
        ],
        [
          0.15,
          0.6
        ],
        [
          0.2,
          0.3
        ],
        [
          1.0,
          0.0
        ]
      ],
      "directional_cap_R": 4.25,
      "directional_cap_long_R": 4.25,
      "directional_cap_short_R": 4.75,
      "disabled_strategies": [],
      "dynamic_allocation_enabled": false,
      "dynamic_lookback_trades": 60,
      "dynamic_max_mult": 1.22,
      "dynamic_min_mult": 0.65,
      "dynamic_negative_expectancy_cut": 0.18,
      "dynamic_positive_expectancy_boost": 0.1,
      "family_strategy_ids": [
        "NQ_REGIME",
        "VdubusNQ_v4",
        "NQDTC_v2.1",
        "DownturnDominator_v1"
      ],
      "initial_equity": 50000.0,
      "max_family_contracts_mnq_eq": 24,
      "max_single_strategy_trade_share": 1.0,
      "max_symbol_heat_R": 0.0,
      "max_total_active_positions": 0,
      "nqdtc_agree_size_mult": 1.25,
      "nqdtc_direction_filter_enabled": false,
      "nqdtc_oppose_size_mult": 0.5,
      "nqdtc_strategy_id": "NQDTC_v2.1",
      "priority_headroom_R": 1.0,
      "priority_reserve_threshold": 1,
      "reference_unit_risk_dollars": 250.0,
      "regime_unit_risk_long_mult": 1.0,
      "regime_unit_risk_mult": 1.0,
      "regime_unit_risk_short_mult": 1.0,
      "same_sector_heat_cap_R": 0.0,
      "strategy_priorities": [
        [
          "VdubusNQ_v4",
          0
        ],
        [
          "NQ_REGIME",
          0
        ],
        [
          "NQDTC_v2.1",
          1
        ],
        [
          "DownturnDominator_v1",
          1
        ]
      ],
      "strategy_trade_share_min_total": 50,
      "symbol_collision_action": "none",
      "symbol_collision_pairs": [],
      "symbol_sector_map": [],
      "vdubus_strategy_id": "VdubusNQ_v4"
    },
    "signal_filter_rules": [],
    "start_date": null,
    "strategy_allocations": [
      {
        "base_risk_pct": 0.006,
        "daily_stop_R": 3.0,
        "enabled": true,
        "max_concurrent": 2,
        "max_contracts": 0,
        "priority": 0,
        "strategy_id": "NQ_REGIME"
      },
      {
        "base_risk_pct": 0.0065,
        "daily_stop_R": 2.5,
        "enabled": true,
        "max_concurrent": 1,
        "max_contracts": 0,
        "priority": 0,
        "strategy_id": "VdubusNQ_v4"
      },
      {
        "base_risk_pct": 0.0045,
        "daily_stop_R": 2.5,
        "enabled": true,
        "max_concurrent": 1,
        "max_contracts": 0,
        "priority": 1,
        "strategy_id": "NQDTC_v2.1"
      },
      {
        "base_risk_pct": 0.004,
        "daily_stop_R": 2.0,
        "enabled": true,
        "max_concurrent": 1,
        "max_contracts": 0,
        "priority": 1,
        "strategy_id": "DownturnDominator_v1"
      }
    ]
  },
  "final_score": 0.9584903144943085,
  "kept_features": [
    "capacity_fit_conservative"
  ],
  "rounds": [
    {
      "best_delta_pct": 0.320803160637786,
      "best_name": "capacity_fit_conservative",
      "best_score": 0.9584903144943085,
      "candidates_tested": 5,
      "kept": true,
      "rejected_count": 0,
      "round_num": 1
    },
    {
      "best_delta_pct": 0.317696585459207,
      "best_name": "capacity_fit_balanced",
      "best_score": 0.9553837393157295,
      "candidates_tested": 5,
      "kept": false,
      "rejected_count": 0,
      "round_num": 2
    },
    {
      "best_delta_pct": 0.3110553484972556,
      "best_name": "capacity_fit_aggressive",
      "best_score": 0.9487425023537781,
      "candidates_tested": 5,
      "kept": false,
      "rejected_count": 0,
      "round_num": 3
    },
    {
      "best_delta_pct": 0.29981454535725705,
      "best_name": "capacity_fit_frequency",
      "best_score": 0.9375016992137796,
      "candidates_tested": 5,
      "kept": false,
      "rejected_count": 0,
      "round_num": 4
    },
    {
      "best_delta_pct": 0.23312952479760973,
      "best_name": "capacity_fit_no_pressure_throttle",
      "best_score": 0.8708166786541323,
      "candidates_tested": 5,
      "kept": false,
      "rejected_count": 0,
      "round_num": 5
    }
  ],
  "total_candidates": 5
}