{
  "phase": 6,
  "goal_progress": {
    "profit_factor": {
      "target": 1.35,
      "actual": 20.10101926463525,
      "pct_of_target": 200.0
    },
    "net_return_pct": {
      "target": 35.0,
      "actual": 71.5868,
      "pct_of_target": 200.0
    },
    "max_drawdown_pct": {
      "target": 0.16,
      "actual": 0.014304144172753195,
      "pct_of_target": 200.0
    },
    "trades_per_month": {
      "target": 4.0,
      "actual": 1.6429287863590774,
      "pct_of_target": 41.07321965897693
    },
    "avg_r": {
      "target": 0.2,
      "actual": 1.3873530736401143,
      "pct_of_target": 200.0
    },
    "mfe_capture": {
      "target": 0.35,
      "actual": 0.3184185908177425,
      "pct_of_target": 90.97674023364071
    },
    "execution_conversion": {
      "target": 0.25,
      "actual": 0.1921182266009852,
      "pct_of_target": 76.84729064039408
    },
    "module_coverage": {
      "target": 0.67,
      "actual": 1.0,
      "pct_of_target": 149.25373134328356
    }
  },
  "strengths": [
    "profit_factor: 20.1010 (200% of 1.3500)",
    "net_return_pct: 71.5868 (200% of 35.0000)",
    "max_drawdown_pct: 0.0143 (200% of 0.1600)",
    "avg_r: 1.3874 (200% of 0.2000)",
    "mfe_capture: 0.3184 (91% of 0.3500)",
    "module_coverage: 1.0000 (149% of 0.6700)"
  ],
  "weaknesses": [
    "trades_per_month: 1.6429 (41% of 4.0000)"
  ],
  "scoring_assessment": "EFFECTIVE",
  "diagnostic_gaps": [],
  "suggested_experiments": [],
  "recommendation": "advance",
  "recommendation_reason": "Gate passed.",
  "report": "======================================================================\nPHASE 6 ANALYSIS\n======================================================================\n\nRecommendation: advance\nReason: Gate passed.\nScoring assessment: EFFECTIVE\n\nStrengths:\n  + profit_factor: 20.1010 (200% of 1.3500)\n  + net_return_pct: 71.5868 (200% of 35.0000)\n  + max_drawdown_pct: 0.0143 (200% of 0.1600)\n  + avg_r: 1.3874 (200% of 0.2000)\n  + mfe_capture: 0.3184 (91% of 0.3500)\n  + module_coverage: 1.0000 (149% of 0.6700)\n\nWeaknesses:\n  - trades_per_month: 1.6429 (41% of 4.0000)\n\nGoal Progress:\n  profit_factor: 20.1010 / 1.3500 (200%)\n  net_return_pct: 71.5868 / 35.0000 (200%)\n  max_drawdown_pct: 0.0143 / 0.1600 (200%)\n  trades_per_month: 1.6429 / 4.0000 (41%)\n  avg_r: 1.3874 / 0.2000 (200%)\n  mfe_capture: 0.3184 / 0.3500 (91%)\n  execution_conversion: 0.1921 / 0.2500 (77%)\n  module_coverage: 1.0000 / 0.6700 (149%)",
  "scoring_weight_overrides": null,
  "extra": {}
}