{
  "base_score": 0.6858945574212445,
  "final_score": 0.7047274905412665,
  "final_mutations": {
    "flags.early_stall_exit": false,
    "param_overrides.early_stall_check_hours": 12,
    "param_overrides.early_stall_mfe_threshold": 0.2,
    "param_overrides.max_hold_hours": 88,
    "param_overrides.adx_on": 14,
    "param_overrides.recovery_tolerance_atr_trend": 0.55,
    "fixed_qty": null,
    "flags.addon_b": false,
    "param_overrides.base_risk_pct": 0.023,
    "param_overrides.dynamic_risk_strong_trend_mult": 1.15,
    "param_overrides.dynamic_risk_weak_trend_mult": 0.8
  },
  "kept_features": [
    "risk_sized_230bp",
    "dynamic_scale_defensive_115_080"
  ],
  "rounds": [
    {
      "round_num": 1,
      "candidates_tested": 18,
      "best_name": "risk_sized_230bp",
      "best_score": 0.6953362045422111,
      "best_delta_pct": 1.376544983308273,
      "kept": true,
      "rejected_count": 3
    },
    {
      "round_num": 2,
      "candidates_tested": 12,
      "best_name": "dynamic_scale_defensive_115_080",
      "best_score": 0.7047274905412665,
      "best_delta_pct": 1.3506108178615999,
      "kept": true,
      "rejected_count": 0
    },
    {
      "round_num": 3,
      "candidates_tested": 11,
      "best_name": "heat_065pct",
      "best_score": 0.7048489338208551,
      "best_delta_pct": 0.017232658186124437,
      "kept": false,
      "rejected_count": 0
    }
  ],
  "final_metrics": {
    "total_trades": 276,
    "win_rate": 0.8333333333333334,
    "profit_factor": 5.9334476849265805,
    "max_dd_pct": 0.07523394073871882,
    "calmar": 2.503698477623716e-09,
    "sharpe": 1.7500072536738933,
    "net_return_pct": 162.7498349999999,
    "total_r": 228.69747043926296,
    "max_dd_r": 3.004501929450427,
    "calmar_r": 76.1182637952559,
    "avg_r": 0.8286140233306629,
    "mfe_capture": 0.6786527055715562,
    "trades_per_month": 4.759573222547446
  },
  "total_candidates": 18,
  "accepted_count": 2,
  "elapsed_seconds": 285.47000908851624
}