{
  "phase": 5,
  "goal_progress": {
    "net_return_pct": {
      "target": 1200.0,
      "actual": 987.0650000000002,
      "pct_of_target": 82.25541666666668
    },
    "profit_factor": {
      "target": 2.4,
      "actual": 2.559483992743249,
      "pct_of_target": 106.64516636430206
    },
    "max_dd_pct": {
      "target": 0.15,
      "actual": 0.18101347899555942,
      "pct_of_target": 82.86675712347353
    },
    "calmar": {
      "target": 45.0,
      "actual": 54.529917080054275,
      "pct_of_target": 121.17759351123172
    },
    "total_trades": {
      "target": 220.0,
      "actual": 186.0,
      "pct_of_target": 84.54545454545455
    },
    "capture_ratio": {
      "target": 0.6,
      "actual": 0.5070177227366554,
      "pct_of_target": 84.50295378944256
    },
    "sharpe": {
      "target": 2.0,
      "actual": 2.1389899077373116,
      "pct_of_target": 106.94949538686558
    },
    "trades_per_month": {
      "target": 7.0,
      "actual": 5.683330091910035,
      "pct_of_target": 81.19042988442907
    },
    "avg_r": {
      "target": 0.4,
      "actual": 0.4149101166259001,
      "pct_of_target": 103.72752915647503
    }
  },
  "strengths": [
    "net_return_pct: 987.0650 (82% of 1200.0000)",
    "profit_factor: 2.5595 (107% of 2.4000)",
    "max_dd_pct: 0.1810 (83% of 0.1500)",
    "calmar: 54.5299 (121% of 45.0000)",
    "total_trades: 186.0000 (85% of 220.0000)",
    "capture_ratio: 0.5070 (85% of 0.6000)",
    "sharpe: 2.1390 (107% of 2.0000)",
    "trades_per_month: 5.6833 (81% of 7.0000)",
    "avg_r: 0.4149 (104% of 0.4000)"
  ],
  "weaknesses": [],
  "scoring_assessment": "EFFECTIVE",
  "diagnostic_gaps": [
    "High stale exit rate -- trail/MFE protection needed",
    "Many fast deaths (<=4 bars) -- entry precision issue",
    "Elevated drawdown -- risk controls may need tightening"
  ],
  "suggested_experiments": [],
  "recommendation": "advance",
  "recommendation_reason": "Gate passed.",
  "report": "======================================================================\nPHASE 5 ANALYSIS\n======================================================================\n\nRecommendation: advance\nReason: Gate passed.\nScoring assessment: EFFECTIVE\n\nStrengths:\n  + net_return_pct: 987.0650 (82% of 1200.0000)\n  + profit_factor: 2.5595 (107% of 2.4000)\n  + max_dd_pct: 0.1810 (83% of 0.1500)\n  + calmar: 54.5299 (121% of 45.0000)\n  + total_trades: 186.0000 (85% of 220.0000)\n  + capture_ratio: 0.5070 (85% of 0.6000)\n  + sharpe: 2.1390 (107% of 2.0000)\n  + trades_per_month: 5.6833 (81% of 7.0000)\n  + avg_r: 0.4149 (104% of 0.4000)\n\nDiagnostic Gaps:\n  ! High stale exit rate -- trail/MFE protection needed\n  ! Many fast deaths (<=4 bars) -- entry precision issue\n  ! Elevated drawdown -- risk controls may need tightening\n\nExtra Analysis:\n  Exit profile: stale=43.5%, capture=0.51, multi-session=23.7%\n  Entry quality: fast_deaths=23.7%, evening=5.4% (avgR=+0.126)\n\nGoal Progress:\n  net_return_pct: 987.0650 / 1200.0000 (82%)\n  profit_factor: 2.5595 / 2.4000 (107%)\n  max_dd_pct: 0.1810 / 0.1500 (83%)\n  calmar: 54.5299 / 45.0000 (121%)\n  total_trades: 186.0000 / 220.0000 (85%)\n  capture_ratio: 0.5070 / 0.6000 (85%)\n  sharpe: 2.1390 / 2.0000 (107%)\n  trades_per_month: 5.6833 / 7.0000 (81%)\n  avg_r: 0.4149 / 0.4000 (104%)",
  "scoring_weight_overrides": null,
  "extra": {
    "exit_profile": {
      "stale_exit_pct": 0.43548387096774194,
      "capture_ratio": 0.5070177227366554,
      "multi_session_pct": 0.23655913978494625
    },
    "entry_quality": {
      "fast_death_pct": 0.23655913978494625,
      "evening_trade_pct": 0.053763440860215055,
      "evening_avg_r": 0.12598285788331623
    }
  }
}