{
  "base_score": 0.7900015391282353,
  "final_score": 0.8193403385679697,
  "final_mutations": {
    "VIX_CRISIS": 38.0,
    "HYBRID_WARNING_MIN_CRISIS": 1,
    "HYBRID_WARNING_MIN_PRIMARY": 2,
    "SPY_DD_WARNING": -0.06,
    "VIX_WATCH": 27.0,
    "VIX_WARNING": 32.0
  },
  "kept_features": [
    "vix_loose"
  ],
  "rounds": [
    {
      "round_num": 1,
      "candidates_tested": 36,
      "best_name": "vix_loose",
      "best_score": 0.8193403385679697,
      "best_delta_pct": 3.7137648455862093,
      "kept": true,
      "rejected_count": 8
    },
    {
      "round_num": 2,
      "candidates_tested": 24,
      "best_name": "spread_crisis_650",
      "best_score": 0.8196495052382993,
      "best_delta_pct": 0.037733607852128724,
      "kept": false,
      "rejected_count": 4
    }
  ],
  "final_metrics": {
    "avg_latency": 21.285714285714285,
    "max_latency": 34.0,
    "gfc_latency": 14.0,
    "covid_latency": 10.0,
    "crises_detected": 7,
    "total_crises": 7,
    "corrections_detected": 2,
    "total_corrections": 2,
    "correction_avg_latency": 0.5,
    "warning_fp_rate": 0.05121403795143848,
    "crisis_fp_rate": 0.013670679453172822,
    "avg_peak_level": 3.0,
    "total_transitions": 188,
    "transitions_per_year": 8.230715774843642,
    "pct_normal": 0.001911049339819319,
    "pct_watch": 0.8976719944405838,
    "pct_warning": 0.05472550382209868,
    "pct_crisis": 0.045691452397498264
  },
  "total_candidates": 36,
  "accepted_count": 1,
  "elapsed_seconds": 0.31500935554504395
}