{
  "phase": 2,
  "goal_progress": {
    "net_return_pct": {
      "target": 320.0,
      "actual": 322.09900000000056,
      "pct_of_target": 100.65593750000016
    },
    "robust_net_return_pct": {
      "target": 240.0,
      "actual": 261.2022000000004,
      "pct_of_target": 108.83425000000018
    },
    "profit_factor": {
      "target": 2.0,
      "actual": 2.144741321054935,
      "pct_of_target": 107.23706605274674
    },
    "max_dd_pct": {
      "target": 0.15,
      "actual": 0.1452308831621662,
      "pct_of_target": 103.28381728045306
    },
    "calmar": {
      "target": 10.0,
      "actual": 22.178409508144473,
      "pct_of_target": 200.0
    },
    "total_trades": {
      "target": 115.0,
      "actual": 100.0,
      "pct_of_target": 86.95652173913044
    },
    "capture_ratio": {
      "target": 0.5,
      "actual": 0.4368180252800776,
      "pct_of_target": 87.36360505601553
    },
    "avg_r": {
      "target": 0.5,
      "actual": 0.5111119654463242,
      "pct_of_target": 102.22239308926484
    },
    "win_rate": {
      "target": 0.56,
      "actual": 0.58,
      "pct_of_target": 103.57142857142856
    },
    "sharpe": {
      "target": 2.0,
      "actual": 1.9629587598728744,
      "pct_of_target": 98.14793799364372
    },
    "sortino": {
      "target": 6.0,
      "actual": 24.803346489756258,
      "pct_of_target": 200.0
    }
  },
  "strengths": [
    "net_return_pct: 322.0990 (101% of 320.0000)",
    "robust_net_return_pct: 261.2022 (109% of 240.0000)",
    "profit_factor: 2.1447 (107% of 2.0000)",
    "max_dd_pct: 0.1452 (103% of 0.1500)",
    "calmar: 22.1784 (200% of 10.0000)",
    "total_trades: 100.0000 (87% of 115.0000)",
    "capture_ratio: 0.4368 (87% of 0.5000)",
    "avg_r: 0.5111 (102% of 0.5000)",
    "win_rate: 0.5800 (104% of 0.5600)",
    "sharpe: 1.9630 (98% of 2.0000)",
    "sortino: 24.8033 (200% of 6.0000)"
  ],
  "weaknesses": [],
  "scoring_assessment": "EFFECTIVE",
  "diagnostic_gaps": [
    "Low trade frequency -- signal gates may be too restrictive"
  ],
  "suggested_experiments": [],
  "recommendation": "advance",
  "recommendation_reason": "Gate passed.",
  "report": "======================================================================\nPHASE 2 ANALYSIS\n======================================================================\n\nRecommendation: advance\nReason: Gate passed.\nScoring assessment: EFFECTIVE\n\nStrengths:\n  + net_return_pct: 322.0990 (101% of 320.0000)\n  + robust_net_return_pct: 261.2022 (109% of 240.0000)\n  + profit_factor: 2.1447 (107% of 2.0000)\n  + max_dd_pct: 0.1452 (103% of 0.1500)\n  + calmar: 22.1784 (200% of 10.0000)\n  + total_trades: 100.0000 (87% of 115.0000)\n  + capture_ratio: 0.4368 (87% of 0.5000)\n  + avg_r: 0.5111 (102% of 0.5000)\n  + win_rate: 0.5800 (104% of 0.5600)\n  + sharpe: 1.9630 (98% of 2.0000)\n  + sortino: 24.8033 (200% of 6.0000)\n\nDiagnostic Gaps:\n  ! Low trade frequency -- signal gates may be too restrictive\n\nExtra Analysis:\n  Session/direction: ETH short WR=0.0% (0 trades), Range regime=100.0%\n  Exit efficiency: capture=0.44, TP1=54.0%, TP2=0.0%\n  Return robustness: robust=261.2%, largest_win_share=18.9%, largest_win=6.82R\n  Clustering: burst_trade_pct=4.0%\n\nGoal Progress:\n  net_return_pct: 322.0990 / 320.0000 (101%)\n  robust_net_return_pct: 261.2022 / 240.0000 (109%)\n  profit_factor: 2.1447 / 2.0000 (107%)\n  max_dd_pct: 0.1452 / 0.1500 (103%)\n  calmar: 22.1784 / 10.0000 (200%)\n  total_trades: 100.0000 / 115.0000 (87%)\n  capture_ratio: 0.4368 / 0.5000 (87%)\n  avg_r: 0.5111 / 0.5000 (102%)\n  win_rate: 0.5800 / 0.5600 (104%)\n  sharpe: 1.9630 / 2.0000 (98%)\n  sortino: 24.8033 / 6.0000 (200%)",
  "scoring_weight_overrides": null,
  "extra": {
    "session_direction": {
      "eth_short_wr": 0.0,
      "eth_short_trades": 0,
      "range_regime_pct": 1.0
    },
    "exit_efficiency": {
      "capture_ratio": 0.4368180252800776,
      "tp1_hit_rate": 0.54,
      "tp2_hit_rate": 0.0
    },
    "return_robustness": {
      "robust_net_return_pct": 261.2022000000004,
      "largest_win_return_pct": 60.89680000000017,
      "largest_win_pnl_share": 0.18906236902318876,
      "largest_winner_r": 6.822122905027952
    },
    "clustering": {
      "burst_trade_pct": 0.04
    }
  }
}