{
  "base_score": 0.5124687704025083,
  "final_score": 0.5213821740444244,
  "final_mutations": {
    "flags.plus_1r_partial": false,
    "param_overrides.CHOP_THRESHOLD": 40,
    "flags.early_kill": false,
    "param_overrides.MAX_POSITION_BARS_15M": 64
  },
  "kept_features": [
    "suggest_disable_early_kill",
    "max_duration_64"
  ],
  "rounds": [
    {
      "round_num": 1,
      "candidates_tested": 31,
      "best_name": "suggest_disable_early_kill",
      "best_score": 0.5173327586701915,
      "best_delta_pct": 0.9491287174168435,
      "kept": true,
      "rejected_count": 9
    },
    {
      "round_num": 2,
      "candidates_tested": 18,
      "best_name": "max_duration_64",
      "best_score": 0.5213821740444244,
      "best_delta_pct": 0.7827486866754848,
      "kept": true,
      "rejected_count": 0
    },
    {
      "round_num": 3,
      "candidates_tested": 17,
      "best_name": "stale_bars_6",
      "best_score": 0.5213821740444244,
      "best_delta_pct": 0.0,
      "kept": false,
      "rejected_count": 0
    }
  ],
  "final_metrics": {
    "total_trades": 174,
    "win_rate": 0.46551724137931033,
    "profit_factor": 1.9141434030644524,
    "max_dd_pct": 0.2192978792168805,
    "net_return_pct": 717.0002000000063,
    "calmar": 32.69526374629961,
    "sharpe": 1.572468661411145,
    "sortino": 6.997078640552174,
    "avg_r": 0.32107203993936795,
    "capture_ratio": 0.4917444556500918,
    "stale_exit_pct": 0.5172413793103449,
    "multi_session_pct": 0.20114942528735633,
    "trades_per_month": 5.316663634367452,
    "avg_hold_hours": 9.44683908045977,
    "avg_winner_r": 1.2360872445772622,
    "avg_loser_r": -0.47587668668073335,
    "avg_mfe_r": 1.109741627149667,
    "evening_trade_pct": 0.10344827586206896,
    "evening_avg_r": -0.11031587230409005,
    "fast_death_pct": 0.22413793103448276
  },
  "total_candidates": 31,
  "accepted_count": 2,
  "elapsed_seconds": 1571.0419492721558
}