{
  "base_score": 0.5493268790186201,
  "final_score": 0.5755049553344568,
  "final_mutations": {
    "flags.plus_1r_partial": false,
    "param_overrides.CHOP_THRESHOLD": 32.0,
    "flags.early_kill": false,
    "param_overrides.MAX_POSITION_BARS_15M": 51.2
  },
  "kept_features": [
    "finetune_max_position_bars_15m_m20",
    "finetune_chop_threshold_m20"
  ],
  "rounds": [
    {
      "round_num": 1,
      "candidates_tested": 10,
      "best_name": "finetune_max_position_bars_15m_m20",
      "best_score": 0.5732021816526274,
      "best_delta_pct": 4.346283341652757,
      "kept": true,
      "rejected_count": 2
    },
    {
      "round_num": 2,
      "candidates_tested": 7,
      "best_name": "finetune_chop_threshold_m20",
      "best_score": 0.5755049553344568,
      "best_delta_pct": 0.40173847126508944,
      "kept": true,
      "rejected_count": 0
    },
    {
      "round_num": 3,
      "candidates_tested": 6,
      "best_name": "base_risk_008",
      "best_score": 0.5755049553344568,
      "best_delta_pct": 0.0,
      "kept": false,
      "rejected_count": 0
    }
  ],
  "final_metrics": {
    "total_trades": 174,
    "win_rate": 0.46551724137931033,
    "profit_factor": 1.9544579883619144,
    "max_dd_pct": 0.20782611893641104,
    "net_return_pct": 752.5770000000063,
    "calmar": 36.2118584445237,
    "sharpe": 1.6604832640187106,
    "sortino": 7.31857648749699,
    "avg_r": 0.3375001287717325,
    "capture_ratio": 0.5120285460338511,
    "stale_exit_pct": 0.5172413793103449,
    "multi_session_pct": 0.20114942528735633,
    "trades_per_month": 5.316663634367452,
    "avg_hold_hours": 9.270114942528735,
    "avg_winner_r": 1.2680952224042634,
    "avg_loser_r": -0.47301817858563305,
    "avg_mfe_r": 1.1050326886225206,
    "evening_trade_pct": 0.10344827586206896,
    "evening_avg_r": -0.11760943057571589,
    "fast_death_pct": 0.21839080459770116
  },
  "total_candidates": 10,
  "accepted_count": 2,
  "elapsed_seconds": 325.4132523536682
}