{
  "phase": 4,
  "goal_progress": {
    "avg_latency": {
      "target": 16.0,
      "actual": 13.428571428571429,
      "pct_of_target": 119.14893617021276
    },
    "avg_action_latency": {
      "target": 12.0,
      "actual": 10.714285714285714,
      "pct_of_target": 112.00000000000001
    },
    "avg_advisory_latency": {
      "target": 8.0,
      "actual": 6.714285714285714,
      "pct_of_target": 119.14893617021276
    },
    "warning_fp_rate": {
      "target": 0.04,
      "actual": 0.03509487859620486,
      "pct_of_target": 87.73719649051215
    },
    "crisis_fp_rate": {
      "target": 0.015,
      "actual": 0.005713119771475209,
      "pct_of_target": 38.08746514316807
    },
    "advisory_fp_rate": {
      "target": 0.45,
      "actual": 0.3154458273821669,
      "pct_of_target": 70.09907275159264
    },
    "preaction_fp_rate": {
      "target": 0.1,
      "actual": 0.07814731687410732,
      "pct_of_target": 78.14731687410732
    },
    "pct_preaction_watch": {
      "target": 0.05,
      "actual": 0.05733148019457957,
      "pct_of_target": 114.66296038915912
    },
    "crises_detected": {
      "target": 7.0,
      "actual": 7.0,
      "pct_of_target": 100.0
    },
    "transitions_per_year": {
      "target": 20.0,
      "actual": 10.375955524669909,
      "pct_of_target": 51.87977762334954
    },
    "avg_recovery_days": {
      "target": 10.0,
      "actual": 4.571428571428571,
      "pct_of_target": 45.714285714285715
    }
  },
  "strengths": [
    "avg_latency: 13.4286 (119% of 16.0000)",
    "avg_action_latency: 10.7143 (112% of 12.0000)",
    "avg_advisory_latency: 6.7143 (119% of 8.0000)",
    "warning_fp_rate: 0.0351 (88% of 0.0400)",
    "pct_preaction_watch: 0.0573 (115% of 0.0500)",
    "crises_detected: 7.0000 (100% of 7.0000)"
  ],
  "weaknesses": [
    "crisis_fp_rate: 0.0057 (38% of 0.0150)",
    "transitions_per_year: 10.3760 (52% of 20.0000)",
    "avg_recovery_days: 4.5714 (46% of 10.0000)"
  ],
  "scoring_assessment": "EFFECTIVE",
  "diagnostic_gaps": [],
  "suggested_experiments": [],
  "recommendation": "advance",
  "recommendation_reason": "Gate passed.",
  "report": "======================================================================\nPHASE 4 ANALYSIS\n======================================================================\n\nRecommendation: advance\nReason: Gate passed.\nScoring assessment: EFFECTIVE\n\nStrengths:\n  + avg_latency: 13.4286 (119% of 16.0000)\n  + avg_action_latency: 10.7143 (112% of 12.0000)\n  + avg_advisory_latency: 6.7143 (119% of 8.0000)\n  + warning_fp_rate: 0.0351 (88% of 0.0400)\n  + pct_preaction_watch: 0.0573 (115% of 0.0500)\n  + crises_detected: 7.0000 (100% of 7.0000)\n\nWeaknesses:\n  - crisis_fp_rate: 0.0057 (38% of 0.0150)\n  - transitions_per_year: 10.3760 (52% of 20.0000)\n  - avg_recovery_days: 4.5714 (46% of 10.0000)\n\nExtra Analysis:\n  Detection: 7/7 crises, hard/action/advisory latency 13.4d/10.7d/6.7d\n  Corrections: 2/2, avg latency 0.5d\n  FP rates: WARNING=3.51%, CRISIS=0.57%, ADVISORY=31.54%, PREACTION=7.81%\n  Distribution: NORMAL=0.2%, WATCH=92.6%, WARNING=4.0%, CRISIS=3.2%, PREACTION_WATCH=5.7%\n  Recovery: avg 4.6d, max 27.0d post-crisis elevated\n\nGoal Progress:\n  avg_latency: 13.4286 / 16.0000 (119%)\n  avg_action_latency: 10.7143 / 12.0000 (112%)\n  avg_advisory_latency: 6.7143 / 8.0000 (119%)\n  warning_fp_rate: 0.0351 / 0.0400 (88%)\n  crisis_fp_rate: 0.0057 / 0.0150 (38%)\n  advisory_fp_rate: 0.3154 / 0.4500 (70%)\n  preaction_fp_rate: 0.0781 / 0.1000 (78%)\n  pct_preaction_watch: 0.0573 / 0.0500 (115%)\n  crises_detected: 7.0000 / 7.0000 (100%)\n  transitions_per_year: 10.3760 / 20.0000 (52%)\n  avg_recovery_days: 4.5714 / 10.0000 (46%)",
  "scoring_weight_overrides": null,
  "extra": {
    "detection": {
      "crises_detected": 7,
      "total_crises": 7,
      "avg_latency": 13.428571428571429,
      "avg_action_latency": 10.714285714285714,
      "avg_advisory_latency": 6.714285714285714,
      "gfc_latency": 4.0,
      "covid_latency": 10.0
    },
    "corrections": {
      "corrections_detected": 2,
      "total_corrections": 2,
      "correction_avg_latency": 0.5
    },
    "fp_rates": {
      "warning": 0.03509487859620486,
      "crisis": 0.005713119771475209,
      "advisory": 0.3154458273821669,
      "preaction": 0.07814731687410732
    },
    "distribution": {
      "pct_normal": 0.0020847810979847115,
      "pct_watch": 0.925642807505212,
      "pct_warning": 0.04030576789437109,
      "pct_crisis": 0.031966643502432245,
      "pct_advisory_watch": 0.2953439888811675,
      "pct_preaction_watch": 0.05733148019457957
    },
    "recovery": {
      "avg_recovery_days": 4.571428571428571,
      "max_recovery_days": 27.0
    }
  }
}