{
  "base_score": 0.7689980723693302,
  "final_score": 0.7742830664888747,
  "final_mutations": {
    "VIX_CRISIS": 33.0
  },
  "kept_features": [
    "vix_crisis_33"
  ],
  "rounds": [
    {
      "round_num": 1,
      "candidates_tested": 39,
      "best_name": "vix_crisis_33",
      "best_score": 0.7742830664888747,
      "best_delta_pct": 0.6872571348925671,
      "kept": true,
      "rejected_count": 15
    },
    {
      "round_num": 2,
      "candidates_tested": 20,
      "best_name": "vix_watch_20",
      "best_score": 0.7742830664888747,
      "best_delta_pct": 0.0,
      "kept": false,
      "rejected_count": 0
    }
  ],
  "final_metrics": {
    "avg_latency": 31.571428571428573,
    "max_latency": 81.0,
    "gfc_latency": 14.0,
    "covid_latency": 12.0,
    "crises_detected": 7,
    "total_crises": 7,
    "corrections_detected": 2,
    "total_corrections": 2,
    "correction_avg_latency": 0.5,
    "warning_fp_rate": 0.05611099775556009,
    "crisis_fp_rate": 0.023668639053254437,
    "avg_peak_level": 3.0,
    "total_transitions": 152,
    "transitions_per_year": 6.654621264767199,
    "pct_normal": 0.001911049339819319,
    "pct_watch": 0.8962821403752605,
    "pct_warning": 0.045170257123002086,
    "pct_crisis": 0.056636553161918
  },
  "total_candidates": 39,
  "accepted_count": 1,
  "elapsed_seconds": 0.42490100860595703
}