{
  "phase": 6,
  "goal_progress": {
    "net_return_pct": {
      "target": 250.0,
      "actual": 111.65292800000246,
      "pct_of_target": 44.66117120000098
    },
    "win_rate": {
      "target": 55.0,
      "actual": 49.81818181818182,
      "pct_of_target": 90.57851239669422
    },
    "profit_factor": {
      "target": 3.5,
      "actual": 2.3719924998891013,
      "pct_of_target": 67.77121428254576
    },
    "max_r_dd": {
      "target": 8.0,
      "actual": 6.4617759248111195,
      "pct_of_target": 123.80497394350367
    },
    "exit_efficiency": {
      "target": 0.65,
      "actual": 0.46368319128431285,
      "pct_of_target": 71.33587558220196
    },
    "waste_ratio": {
      "target": 0.85,
      "actual": 0.7285179921591554,
      "pct_of_target": 85.7079990775477
    },
    "tail_pct": {
      "target": 0.85,
      "actual": 0.8112652587436674,
      "pct_of_target": 95.44297161690206
    },
    "min_side_pf": {
      "target": 3.5,
      "actual": 2.263811569470332,
      "pct_of_target": 64.68033055629519
    },
    "total_trades": {
      "target": 420.0,
      "actual": 275.0,
      "pct_of_target": 65.47619047619048
    },
    "winning_trades": {
      "target": 230.0,
      "actual": 137.0,
      "pct_of_target": 59.56521739130435
    }
  },
  "strengths": [
    "win_rate: 49.8182 (91% of 55.0000)",
    "max_r_dd: 6.4618 (124% of 8.0000)",
    "waste_ratio: 0.7285 (86% of 0.8500)",
    "tail_pct: 0.8113 (95% of 0.8500)"
  ],
  "weaknesses": [
    "net_return_pct: 111.6529 (45% of 250.0000)",
    "winning_trades: 137.0000 (60% of 230.0000)"
  ],
  "scoring_assessment": "MARGINAL",
  "diagnostic_gaps": [],
  "suggested_experiments": [],
  "recommendation": "advance",
  "recommendation_reason": "Retry budget exhausted; advance with current best mutations.",
  "report": "======================================================================\nPHASE 6 ANALYSIS\n======================================================================\n\nRecommendation: advance\nReason: Retry budget exhausted; advance with current best mutations.\nScoring assessment: MARGINAL\n\nStrengths:\n  + win_rate: 49.8182 (91% of 55.0000)\n  + max_r_dd: 6.4618 (124% of 8.0000)\n  + waste_ratio: 0.7285 (86% of 0.8500)\n  + tail_pct: 0.8113 (95% of 0.8500)\n\nWeaknesses:\n  - net_return_pct: 111.6529 (45% of 250.0000)\n  - winning_trades: 137.0000 (60% of 230.0000)\n\nExtra Analysis:\n  Class R attribution: B=+48.4R, D=+117.4R\n\nGoal Progress:\n  net_return_pct: 111.6529 / 250.0000 (45%)\n  win_rate: 49.8182 / 55.0000 (91%)\n  profit_factor: 2.3720 / 3.5000 (68%)\n  max_r_dd: 6.4618 / 8.0000 (124%)\n  exit_efficiency: 0.4637 / 0.6500 (71%)\n  waste_ratio: 0.7285 / 0.8500 (86%)\n  tail_pct: 0.8113 / 0.8500 (95%)\n  min_side_pf: 2.2638 / 3.5000 (65%)\n  total_trades: 275.0000 / 420.0000 (65%)\n  winning_trades: 137.0000 / 230.0000 (60%)",
  "scoring_weight_overrides": null,
  "extra": {
    "class_attribution": {
      "D": 117.41246234947806,
      "B": 48.41008880403206
    }
  }
}