{
  "base_score": 0.44909289318441403,
  "final_score": 0.4757936934906836,
  "final_mutations": {
    "param_overrides.ADX_UPPER_GATE": 55.0,
    "flags.disable_class_a": true,
    "param_overrides.CLASS_B_MOM_LOOKBACK": 5,
    "param_overrides.TRAIL_STALL_ONSET": 4,
    "param_overrides.CLASS_B_BAIL_BARS": 10,
    "param_overrides.ADD_RISK_FRAC": 1.43,
    "param_overrides.ADD_1H_R": 0.9,
    "param_overrides.ADD_4H_R": 0.25,
    "param_overrides.BE_ATR1H_OFFSET": 0.3,
    "param_overrides.PARTIAL_2P5_FRAC": 0.88,
    "param_overrides.EXTREME_VOL_PCT": 999.0,
    "param_overrides.CLASS_B_MIN_ADX": 28.0,
    "param_overrides.TTL_1H_HOURS": 12,
    "param_overrides.R_PARTIAL_2P5": 2.25,
    "param_overrides.ADD_MIN_BARS": 2,
    "param_overrides.R_BE_1H": 1.05,
    "param_overrides.EARLY_STALE_BARS": 24,
    "flags.disable_class_c": true
  },
  "kept_features": [
    "entry_b_mom_lookback_5",
    "prune_no_class_c"
  ],
  "rounds": [
    {
      "round_num": 1,
      "candidates_tested": 20,
      "best_name": "entry_b_mom_lookback_5",
      "best_score": 0.4742059946876723,
      "best_delta_pct": 5.591961459284535,
      "kept": true,
      "rejected_count": 2
    },
    {
      "round_num": 2,
      "candidates_tested": 17,
      "best_name": "prune_no_class_c",
      "best_score": 0.4757936934906836,
      "best_delta_pct": 0.33481204809673604,
      "kept": true,
      "rejected_count": 1
    },
    {
      "round_num": 3,
      "candidates_tested": 13,
      "best_name": "prune_no_class_a",
      "best_score": 0.4757936934906836,
      "best_delta_pct": 0.0,
      "kept": false,
      "rejected_count": 0
    }
  ],
  "final_metrics": {
    "total_trades": 371,
    "profit_factor": 1.2547247479203023,
    "net_return_pct": 35.26074600000301,
    "max_r_dd": 17.164578713342554,
    "exit_efficiency": 0.1118331411506435,
    "waste_ratio": 0.5649907824871058,
    "tail_pct": 0.7286828601189044,
    "bull_pf": 1.4365802460044181,
    "bear_pf": 0.7796642740019519,
    "min_regime_pf": 0.7796642740019519,
    "total_r": 52.15253506030384,
    "gross_win_r": 258.6207782849293,
    "gross_loss_r": 206.46824322462547,
    "stale_r": 17.44261601715639,
    "short_hold_r": 95.05980637714642,
    "big_winner_r": 188.45252840683932,
    "sharpe": 0.461458188400488,
    "calmar_r": 3.0383813043872774,
    "win_rate": 33.153638814016176,
    "avg_win_r": 2.1026079535360105,
    "avg_loss_r": -0.8325332388089737
  },
  "total_candidates": 20,
  "accepted_count": 2,
  "elapsed_seconds": 810.4111702442169
}