{
  "funnel_counters": {
    "buying_power_reject": 0,
    "candidate_pool": 4,
    "carried": 3,
    "daily_signal_floor_reject": 179,
    "entered": 12,
    "entry_window_expired": 0,
    "flow_reject": 0,
    "flow_rescue_pool": 8,
    "flush_locked": 0,
    "intraday_invalidated": 0,
    "intraday_priority_reserve": 0,
    "min_candidates_day_reject": 0,
    "never_ready": 0,
    "no_intraday_data": 0,
    "no_intraday_setup": 0,
    "open_scored_entry": 12,
    "partial": 2,
    "pm_reentry": 0,
    "position_cap_reject": 0,
    "priority_reject": 0,
    "rank_abs_reject": 0,
    "rank_pct_reject": 0,
    "ready": 0,
    "reclaiming": 0,
    "rescue_cap_reject": 0,
    "rescue_entered": 0,
    "sector_cap_reject": 0,
    "sizing_reject": 0,
    "trailed": 0,
    "triggered": 191,
    "universe_seen": 1764,
    "watchlist": 12
  },
  "groups": {
    "exit_reason": {
      "EMA_REVERSION": {
        "avg_r": 0.10160899969535761,
        "net_r": 0.20321799939071522,
        "trades": 2,
        "win_rate": 1.0
      },
      "EOD_FLATTEN": {
        "avg_r": -0.005213420597345683,
        "net_r": -0.010426841194691366,
        "trades": 2,
        "win_rate": 0.5
      },
      "FLOW_REVERSAL": {
        "avg_r": 0.18288885661705107,
        "net_r": 0.18288885661705107,
        "trades": 1,
        "win_rate": 1.0
      },
      "GAP_STOP": {
        "avg_r": -0.2535721224948923,
        "net_r": -0.5071442449897846,
        "trades": 2,
        "win_rate": 0.0
      },
      "STOP_HIT": {
        "avg_r": -0.2949009805303978,
        "net_r": -1.4745049026519892,
        "trades": 5,
        "win_rate": 0.4
      }
    },
    "regime": {
      "A": {
        "avg_r": -0.13383076106905822,
        "net_r": -1.6059691328286987,
        "trades": 12,
        "win_rate": 0.5
      }
    },
    "route": {
      "OPEN_SCORED_ENTRY": {
        "avg_r": -0.13383076106905822,
        "net_r": -1.6059691328286987,
        "trades": 12,
        "win_rate": 0.5
      }
    },
    "sector": {
      "Communication Services": {
        "avg_r": -0.3158535459575496,
        "net_r": -0.9475606378726489,
        "trades": 3,
        "win_rate": 0.3333333333333333
      },
      "Healthcare": {
        "avg_r": -0.8726400666767171,
        "net_r": -1.7452801333534342,
        "trades": 2,
        "win_rate": 0.0
      },
      "Technology": {
        "avg_r": 0.15526737691391207,
        "net_r": 1.0868716383973844,
        "trades": 7,
        "win_rate": 0.7142857142857143
      }
    },
    "trend_tier": {
      "STRONG": {
        "avg_r": -0.13383076106905822,
        "net_r": -1.6059691328286987,
        "trades": 12,
        "win_rate": 0.5
      }
    }
  },
  "largest_losses": [
    {
      "close_pct": 0.011,
      "close_r": -1.0614,
      "daily_signal_score": 79.05,
      "entry_cdd": 3,
      "entry_date": "2026-04-22",
      "entry_gap_pct": -0.176,
      "entry_rank": 1,
      "entry_rank_pct": 100.0,
      "entry_sma_dist_pct": -7.652,
      "entry_time": "2026-04-22T13:35:00+00:00",
      "exit_date": "2026-04-22",
      "exit_reason": "STOP_HIT",
      "mae_r": 1.0762,
      "mfe_r": 0.1615,
      "n_candidates": 0,
      "partial_taken": false,
      "pnl_net": -39.85999999999992,
      "r": -1.0218929879665244,
      "regime": "A",
      "route": "OPEN_SCORED_ENTRY",
      "sector": "Healthcare",
      "symbol": "MCK",
      "trend_tier": "STRONG"
    },
    {
      "close_pct": 0.0,
      "close_r": -0.7127,
      "daily_signal_score": 75.04,
      "entry_cdd": 2,
      "entry_date": "2026-04-28",
      "entry_gap_pct": 0.466,
      "entry_rank": 1,
      "entry_rank_pct": 100.0,
      "entry_sma_dist_pct": 0.488,
      "entry_time": "2026-04-28T13:35:00+00:00",
      "exit_date": "2026-04-28",
      "exit_reason": "STOP_HIT",
      "mae_r": 0.7127,
      "mfe_r": 0.0,
      "n_candidates": 0,
      "partial_taken": false,
      "pnl_net": -36.72000000000023,
      "r": -0.72338714538691,
      "regime": "A",
      "route": "OPEN_SCORED_ENTRY",
      "sector": "Healthcare",
      "symbol": "HSIC",
      "trend_tier": "STRONG"
    },
    {
      "close_pct": 0.0496,
      "close_r": -0.7387,
      "daily_signal_score": 82.05,
      "entry_cdd": 1,
      "entry_date": "2026-04-20",
      "entry_gap_pct": -0.195,
      "entry_rank": 1,
      "entry_rank_pct": 50.0,
      "entry_sma_dist_pct": 5.825,
      "entry_time": "2026-04-20T13:35:00+00:00",
      "exit_date": "2026-04-20",
      "exit_reason": "STOP_HIT",
      "mae_r": 0.7876,
      "mfe_r": 0.023,
      "n_candidates": 1,
      "partial_taken": false,
      "pnl_net": -54.780000000000086,
      "r": -0.7157312437572099,
      "regime": "A",
      "route": "OPEN_SCORED_ENTRY",
      "sector": "Communication Services",
      "symbol": "NFLX",
      "trend_tier": "STRONG"
    },
    {
      "close_pct": 0.4352,
      "close_r": -0.3409,
      "daily_signal_score": 72.05,
      "entry_cdd": 2,
      "entry_date": "2026-04-21",
      "entry_gap_pct": -0.939,
      "entry_rank": 1,
      "entry_rank_pct": 100.0,
      "entry_sma_dist_pct": 2.816,
      "entry_time": "2026-04-21T13:35:00+00:00",
      "exit_date": "2026-04-22",
      "exit_reason": "GAP_STOP",
      "mae_r": 0.588,
      "mfe_r": 0.0597,
      "n_candidates": 0,
      "partial_taken": false,
      "pnl_net": -16.06000000000003,
      "r": -0.41471825073249013,
      "regime": "A",
      "route": "OPEN_SCORED_ENTRY",
      "sector": "Communication Services",
      "symbol": "NFLX",
      "trend_tier": "STRONG"
    },
    {
      "close_pct": 0.5458,
      "close_r": -0.1418,
      "daily_signal_score": 86.03,
      "entry_cdd": 2,
      "entry_date": "2026-05-01",
      "entry_gap_pct": 1.231,
      "entry_rank": 1,
      "entry_rank_pct": 50.0,
      "entry_sma_dist_pct": 3.029,
      "entry_time": "2026-05-01T13:35:00+00:00",
      "exit_date": "2026-05-02",
      "exit_reason": "EOD_FLATTEN",
      "mae_r": 0.3894,
      "mfe_r": 0.1991,
      "n_candidates": 2,
      "partial_taken": false,
      "pnl_net": -10.9800000000003,
      "r": -0.16120154248401766,
      "regime": "A",
      "route": "OPEN_SCORED_ENTRY",
      "sector": "Technology",
      "symbol": "MSFT",
      "trend_tier": "STRONG"
    }
  ],
  "metrics": {
    "avg_hold_hours": 10.076388888888891,
    "cagr": -0.07228950448455751,
    "calmar": -5.178702234010848,
    "expectancy": -0.13383076106905822,
    "expectancy_dollar": -6.650000000000016,
    "gross_loss": -162.0000000000005,
    "gross_profit": 82.20000000000032,
    "losing_trades": 6,
    "max_drawdown_dollar": 139.59000000000015,
    "max_drawdown_pct": 0.013959000000000015,
    "net_profit": -79.8000000000002,
    "per_instrument_trades_per_month": {
      "AVGO": 0.7804487179487181,
      "CDW": 2.341346153846154,
      "HSIC": 0.7804487179487181,
      "KEYS": 0.7804487179487181,
      "KLAC": 0.7804487179487181,
      "MCK": 0.7804487179487181,
      "MSFT": 0.7804487179487181,
      "NFLX": 2.341346153846154
    },
    "profit_factor": 0.5074074074074078,
    "sharpe": -2.1990782741919914,
    "sortino": -0.8687583325341128,
    "tail_loss_pct": -54.780000000000086,
    "tail_loss_r": -1.0218929879665244,
    "total_commissions": 1.2000000000000002,
    "total_trades": 12,
    "trades_per_month": 9.365384615384617,
    "win_rate": 0.5,
    "winning_trades": 6
  },
  "trades": [
    {
      "close_pct": 0.0496,
      "close_r": -0.7387,
      "daily_signal_score": 82.05,
      "entry_cdd": 1,
      "entry_date": "2026-04-20",
      "entry_gap_pct": -0.195,
      "entry_rank": 1,
      "entry_rank_pct": 50.0,
      "entry_sma_dist_pct": 5.825,
      "entry_time": "2026-04-20T13:35:00+00:00",
      "exit_date": "2026-04-20",
      "exit_reason": "STOP_HIT",
      "mae_r": 0.7876,
      "mfe_r": 0.023,
      "n_candidates": 1,
      "partial_taken": false,
      "pnl_net": -54.780000000000086,
      "r": -0.7157312437572099,
      "regime": "A",
      "route": "OPEN_SCORED_ENTRY",