{
  "phase": 2,
  "goal_progress": {
    "net_return_pct": {
      "target": 145.0,
      "actual": 133.0099349999961,
      "pct_of_target": 91.73098965516971
    },
    "avg_r": {
      "target": 0.8,
      "actual": 0.6808986501547853,
      "pct_of_target": 85.11233126934816
    },
    "dollar_profit_factor": {
      "target": 2.25,
      "actual": 2.082265699654456,
      "pct_of_target": 92.54514220686471
    },
    "total_trades": {
      "target": 145.0,
      "actual": 127.0,
      "pct_of_target": 87.58620689655172
    },
    "trades_per_month": {
      "target": 2.6,
      "actual": 2.2975538178643733,
      "pct_of_target": 88.36745453324512
    },
    "low_mfe_loss_rate": {
      "target": 0.3,
      "actual": 0.33070866141732286,
      "pct_of_target": 110.23622047244095
    },
    "max_dd_pct": {
      "target": 14.0,
      "actual": 13.68037642663078,
      "pct_of_target": 102.3363653411395
    }
  },
  "strengths": [
    "net_return_pct: 133.0099 (92% of 145.0000)",
    "avg_r: 0.6809 (85% of 0.8000)",
    "dollar_profit_factor: 2.0823 (93% of 2.2500)",
    "total_trades: 127.0000 (88% of 145.0000)",
    "trades_per_month: 2.2976 (88% of 2.6000)",
    "low_mfe_loss_rate: 0.3307 (110% of 0.3000)",
    "max_dd_pct: 13.6804 (102% of 14.0000)"
  ],
  "weaknesses": [],
  "scoring_assessment": "EFFECTIVE",
  "diagnostic_gaps": [],
  "suggested_experiments": [],
  "recommendation": "advance",
  "recommendation_reason": "Gate passed.",
  "report": "======================================================================\nPHASE 2 ANALYSIS\n======================================================================\n\nRecommendation: advance\nReason: Gate passed.\nScoring assessment: EFFECTIVE\n\nStrengths:\n  + net_return_pct: 133.0099 (92% of 145.0000)\n  + avg_r: 0.6809 (85% of 0.8000)\n  + dollar_profit_factor: 2.0823 (93% of 2.2500)\n  + total_trades: 127.0000 (88% of 145.0000)\n  + trades_per_month: 2.2976 (88% of 2.6000)\n  + low_mfe_loss_rate: 0.3307 (110% of 0.3000)\n  + max_dd_pct: 13.6804 (102% of 14.0000)\n\nGoal Progress:\n  net_return_pct: 133.0099 / 145.0000 (92%)\n  avg_r: 0.6809 / 0.8000 (85%)\n  dollar_profit_factor: 2.0823 / 2.2500 (93%)\n  total_trades: 127.0000 / 145.0000 (88%)\n  trades_per_month: 2.2976 / 2.6000 (88%)\n  low_mfe_loss_rate: 0.3307 / 0.3000 (110%)\n  max_dd_pct: 13.6804 / 14.0000 (102%)",
  "scoring_weight_overrides": null,
  "extra": {}
}