{
  "phase": 4,
  "goal_progress": {
    "net_return_pct": {
      "target": 145.0,
      "actual": 136.37241499999556,
      "pct_of_target": 94.04994137930728
    },
    "avg_r": {
      "target": 0.8,
      "actual": 0.6853053589112222,
      "pct_of_target": 85.66316986390278
    },
    "dollar_profit_factor": {
      "target": 2.25,
      "actual": 2.097029834467804,
      "pct_of_target": 93.20132597634685
    },
    "total_trades": {
      "target": 145.0,
      "actual": 127.0,
      "pct_of_target": 87.58620689655172
    },
    "trades_per_month": {
      "target": 2.6,
      "actual": 2.2975538178643733,
      "pct_of_target": 88.36745453324512
    },
    "low_mfe_loss_rate": {
      "target": 0.3,
      "actual": 0.33070866141732286,
      "pct_of_target": 110.23622047244095
    },
    "max_dd_pct": {
      "target": 14.0,
      "actual": 13.780274065537098,
      "pct_of_target": 101.59449611392282
    }
  },
  "strengths": [
    "net_return_pct: 136.3724 (94% of 145.0000)",
    "avg_r: 0.6853 (86% of 0.8000)",
    "dollar_profit_factor: 2.0970 (93% of 2.2500)",
    "total_trades: 127.0000 (88% of 145.0000)",
    "trades_per_month: 2.2976 (88% of 2.6000)",
    "low_mfe_loss_rate: 0.3307 (110% of 0.3000)",
    "max_dd_pct: 13.7803 (102% of 14.0000)"
  ],
  "weaknesses": [],
  "scoring_assessment": "EFFECTIVE",
  "diagnostic_gaps": [],
  "suggested_experiments": [],
  "recommendation": "advance",
  "recommendation_reason": "Gate passed.",
  "report": "======================================================================\nPHASE 4 ANALYSIS\n======================================================================\n\nRecommendation: advance\nReason: Gate passed.\nScoring assessment: EFFECTIVE\n\nStrengths:\n  + net_return_pct: 136.3724 (94% of 145.0000)\n  + avg_r: 0.6853 (86% of 0.8000)\n  + dollar_profit_factor: 2.0970 (93% of 2.2500)\n  + total_trades: 127.0000 (88% of 145.0000)\n  + trades_per_month: 2.2976 (88% of 2.6000)\n  + low_mfe_loss_rate: 0.3307 (110% of 0.3000)\n  + max_dd_pct: 13.7803 (102% of 14.0000)\n\nGoal Progress:\n  net_return_pct: 136.3724 / 145.0000 (94%)\n  avg_r: 0.6853 / 0.8000 (86%)\n  dollar_profit_factor: 2.0970 / 2.2500 (93%)\n  total_trades: 127.0000 / 145.0000 (88%)\n  trades_per_month: 2.2976 / 2.6000 (88%)\n  low_mfe_loss_rate: 0.3307 / 0.3000 (110%)\n  max_dd_pct: 13.7803 / 14.0000 (102%)",
  "scoring_weight_overrides": null,
  "extra": {}
}