{
  "phase": 4,
  "goal_progress": {
    "total_r": {
      "target": 300.0,
      "actual": 228.70458501422866,
      "pct_of_target": 76.23486167140955
    },
    "profit_factor": {
      "target": 6.0,
      "actual": 5.933601160097628,
      "pct_of_target": 98.8933526682938
    },
    "max_dd_pct": {
      "target": 0.012,
      "actual": 0.02313828858709008,
      "pct_of_target": 51.862089777440815
    },
    "calmar_r": {
      "target": 60.0,
      "actual": 76.12063176676425,
      "pct_of_target": 126.86771961127374
    },
    "total_trades": {
      "target": 400,
      "actual": 276.0,
      "pct_of_target": 69.0
    },
    "mfe_capture": {
      "target": 0.8,
      "actual": 0.6786340877233751,
      "pct_of_target": 84.82926096542188
    },
    "win_rate": {
      "target": 0.85,
      "actual": 0.8333333333333334,
      "pct_of_target": 98.03921568627452
    },
    "trades_per_month": {
      "target": 7.5,
      "actual": 4.759573222547446,
      "pct_of_target": 63.46097630063261
    }
  },
  "strengths": [
    "profit_factor: 5.9336 (99% of 6.0000)",
    "calmar_r: 76.1206 (127% of 60.0000)",
    "mfe_capture: 0.6786 (85% of 0.8000)",
    "win_rate: 0.8333 (98% of 0.8500)"
  ],
  "weaknesses": [
    "max_dd_pct: 0.0231 (52% of 0.0120)"
  ],
  "scoring_assessment": "EFFECTIVE",
  "diagnostic_gaps": [],
  "suggested_experiments": [],
  "recommendation": "advance",
  "recommendation_reason": "Gate passed.",
  "report": "======================================================================\nPHASE 4 ANALYSIS\n======================================================================\n\nRecommendation: advance\nReason: Gate passed.\nScoring assessment: EFFECTIVE\n\nStrengths:\n  + profit_factor: 5.9336 (99% of 6.0000)\n  + calmar_r: 76.1206 (127% of 60.0000)\n  + mfe_capture: 0.6786 (85% of 0.8000)\n  + win_rate: 0.8333 (98% of 0.8500)\n\nWeaknesses:\n  - max_dd_pct: 0.0231 (52% of 0.0120)\n\nGoal Progress:\n  total_r: 228.7046 / 300.0000 (76%)\n  profit_factor: 5.9336 / 6.0000 (99%)\n  max_dd_pct: 0.0231 / 0.0120 (52%)\n  calmar_r: 76.1206 / 60.0000 (127%)\n  total_trades: 276.0000 / 400.0000 (69%)\n  mfe_capture: 0.6786 / 0.8000 (85%)\n  win_rate: 0.8333 / 0.8500 (98%)\n  trades_per_month: 4.7596 / 7.5000 (63%)",
  "scoring_weight_overrides": null,
  "extra": {}
}