{
  "base_score": 0.6644083101664948,
  "final_score": 0.6824708002450192,
  "final_mutations": {
    "flags.early_stall_exit": false,
    "param_overrides.early_stall_check_hours": 12,
    "param_overrides.early_stall_mfe_threshold": 0.2,
    "param_overrides.max_hold_hours": 88,
    "param_overrides.adx_on": 14,
    "param_overrides.recovery_tolerance_atr_trend": 0.55
  },
  "kept_features": [
    "disable_early_stall",
    "max_hold_hours_plus10"
  ],
  "rounds": [
    {
      "round_num": 1,
      "candidates_tested": 47,
      "best_name": "disable_early_stall",
      "best_score": 0.6725889048174586,
      "best_delta_pct": 1.2312601341355565,
      "kept": true,
      "rejected_count": 5
    },
    {
      "round_num": 2,
      "candidates_tested": 34,
      "best_name": "max_hold_hours_plus10",
      "best_score": 0.6824708002450192,
      "best_delta_pct": 1.4692325961342658,
      "kept": true,
      "rejected_count": 0
    },
    {
      "round_num": 3,
      "candidates_tested": 32,
      "best_name": "tp1_frac_050",
      "best_score": 0.6840892976572005,
      "best_delta_pct": 0.23715262420022537,
      "kept": false,
      "rejected_count": 0
    }
  ],
  "final_metrics": {
    "total_trades": 276,
    "win_rate": 0.8333333333333334,
    "profit_factor": 5.933601160097628,
    "max_dd_pct": 0.02313828858709008,
    "calmar": 2.0147575990307146e-09,
    "sharpe": 1.5880250114001593,
    "net_return_pct": 27.008499999999273,
    "total_r": 228.70458501422866,
    "max_dd_r": 3.004501929450427,
    "calmar_r": 76.12063176676425,
    "avg_r": 0.8286398007761908,
    "mfe_capture": 0.6786340877233751,
    "trades_per_month": 4.759573222547446
  },
  "total_candidates": 47,
  "accepted_count": 2,
  "elapsed_seconds": 1075.87158370018
}