{
  "family": "swing",
  "strategy": "atrss",
  "round": 2,
  "generated_at_utc": "2026-04-30T13:11:00.956782+00:00",
  "completed_phases": [
    1,
    2,
    3,
    4
  ],
  "mutation_count": 6,
  "cumulative_mutations": {
    "flags.early_stall_exit": false,
    "param_overrides.early_stall_check_hours": 12,
    "param_overrides.early_stall_mfe_threshold": 0.2,
    "param_overrides.max_hold_hours": 88,
    "param_overrides.adx_on": 14,
    "param_overrides.recovery_tolerance_atr_trend": 0.55
  },
  "headline_metrics": {
    "total_trades": 276,
    "win_rate": 83.33333333333334,
    "profit_factor": 5.933601160097628,
    "max_drawdown_pct": 2.3138288587090083,
    "net_return_pct": 27.008499999999273,
    "sharpe_ratio": 1.5880250114001593,
    "calmar_ratio": 2.0147575990307146e-09
  },
  "final_metrics": {
    "total_trades": 276,
    "win_rate": 0.8333333333333334,
    "profit_factor": 5.933601160097628,
    "max_dd_pct": 0.02313828858709008,
    "calmar": 2.0147575990307146e-09,
    "sharpe": 1.5880250114001593,
    "net_return_pct": 27.008499999999273,
    "total_r": 228.70458501422866,
    "max_dd_r": 3.004501929450427,
    "calmar_r": 76.12063176676425,
    "avg_r": 0.8286398007761908,
    "mfe_capture": 0.6786340877233751,
    "trades_per_month": 4.759573222547446
  },
  "source_diagnostics": "C:\\Users\\sehyu\\Documents\\Other\\Projects\\trading\\backtests\\output\\swing\\atrss\\round_2\\round_final_diagnostics.txt",
  "source_phase_state": "C:\\Users\\sehyu\\Documents\\Other\\Projects\\trading\\backtests\\output\\swing\\atrss\\round_2\\phase_state.json"
}
