{
  "base_score": 23.666813021159438,
  "final_score": 41.61326587126543,
  "final_mutations": {
    "all.trail_after_t1_30m_bars": 4,
    "all.trail_use_vwap_after_t1": true,
    "QQQ.t1_r": 1.25,
    "GLD.t1_r": 1.1,
    "all.max_hold_bars_15m": 52,
    "all.time_stop_min_mfe_r": 0.5
  },
  "kept_features": [
    "trail_after_t1_30m_vwap",
    "t1_asset_quicker",
    "time_stop_2d_no_mfe"
  ],
  "rounds": [
    {
      "round_num": 1,
      "candidates_tested": 14,
      "best_name": "trail_after_t1_30m_vwap",
      "best_score": 35.322280767689044,
      "best_delta_pct": 49.24815071682433,
      "kept": true,
      "rejected_count": 0
    },
    {
      "round_num": 1,
      "candidates_tested": 13,
      "best_name": "t1_asset_quicker",
      "best_score": 38.65229641998252,
      "best_delta_pct": 9.427521609362207,
      "kept": true,
      "rejected_count": 0
    },
    {
      "round_num": 2,
      "candidates_tested": 12,
      "best_name": "time_stop_2d_no_mfe",
      "best_score": 41.61326587126543,
      "best_delta_pct": 7.660526606517866,
      "kept": true,
      "rejected_count": 0
    }
  ],
  "final_metrics": {
    "total_trades": 41.0,
    "net_return_pct": 0.3747099999995553,
    "profit_factor": 0.7197520282030685,
    "avg_r": -0.18924231827562865,
    "total_r": -7.758935049300774,
    "win_rate": 0.4146341463414634,
    "max_dd_pct": 1.0579487421476959,
    "sharpe": 0.12102904178403154,
    "trades_per_month": 0.7417299726963724,
    "expectancy_frequency": -0.1629825746356572,
    "mfe_capture": 0.5052001787746974,
    "never_worked_rate": 0.36585365853658536,
    "right_then_lost_rate": 0.04878048780487805,
    "top5_winner_share": 0.4609680486105071
  },
  "total_candidates": 14,
  "accepted_count": 3,
  "elapsed_seconds": 881.2806282043457
}