{
  "current_phase": 4,
  "completed_phases": [
    1,
    2,
    3,
    4
  ],
  "cumulative_mutations": {
    "sticky_diag": 12.0,
    "use_warm_start": false,
    "use_expanding_window": false,
    "rolling_window_years": 7,
    "refit_ll_tolerance": 5.0,
    "refit_freq": "QE",
    "z_minp": 30,
    "stability_weight": 0.8,
    "per_strat_max": 0.5,
    "base_target_vol_annual": 0.08,
    "crisis_logit_a": 3.0,
    "crisis_logit_b": 0.5,
    "kappa_totalvol_cap": 1.5,
    "sigma_floor_annual": 0.08,
    "ventilator_lambda": 1.0
  },
  "phase_results": {
    "1": {
      "baseline_score": 0.0,
      "final_score": 0.7072506167818812,
      "final_metrics": {
        "total_return": 4.9444194729326405,
        "cagr": 0.07986401616711136,
        "sharpe": 1.1740620884531778,
        "sortino": 1.7168064529138634,
        "calmar": 0.48548249967969276,
        "max_drawdown_pct": 0.16450441822270281,
        "max_drawdown_duration": 601,
        "avg_annual_turnover": 8.778520064399672,
        "n_rebalances": 1148
      },
      "n_rounds": 3,
      "max_rounds": 20,
      "rounds": [
        "combo_sd10_cold",
        "combo_aggressive_7y",
        "sticky_diag_15"
      ],
      "elapsed_seconds": 3601.7821300029755
    },
    "2": {
      "baseline_score": 0.6032851402795598,
      "final_score": 0.6156100061794751,
      "final_metrics": {
        "total_return": 5.828350011816966,
        "cagr": 0.08633643928218926,
        "sharpe": 1.2355397638894214,
        "sortino": 1.8194216105505379,
        "calmar": 0.5248274801063914,
        "max_drawdown_pct": 0.16450441822270323,
        "max_drawdown_duration": 582,
        "avg_annual_turnover": 8.43767877814071,
        "n_rebalances": 1148
      },
      "n_rounds": 1,
      "max_rounds": 20,
      "rounds": [
        "z_minp_30"
      ],
      "elapsed_seconds": 3725.686602830887
    },
    "3": {
      "baseline_score": 0.5544213396977217,
      "final_score": 0.6178068101056196,
      "final_metrics": {
        "total_return": 6.185182242346048,
        "cagr": 0.0887243787149612,
        "sharpe": 1.3034624267492383,
        "sortino": 1.933186706834121,
        "calmar": 0.6957726769910039,
        "max_drawdown_pct": 0.12751920512122722,
        "max_drawdown_duration": 511,
        "avg_annual_turnover": 9.584497034915021,
        "n_rebalances": 1148
      },
      "n_rounds": 9,
      "max_rounds": 20,
      "rounds": [
        "stability_weight_0.8",
        "per_strat_max_0.5",
        "target_vol_0.1",
        "crisis_logit_a_3.0",
        "crisis_logit_b_0.5",
        "kappa_cap_1.5",
        "target_vol_0.08",
        "sigma_floor_0.08",
        "vent_lambda_1.0"
      ],
      "elapsed_seconds": 7949.645067214966
    },
    "4": {
      "baseline_score": 0.5908640301421568,
      "final_score": 0.5927908232625584,
      "final_metrics": {
        "total_return": 6.070493555084457,
        "cagr": 0.08796949299734425,
        "sharpe": 1.3114864040034284,
        "sortino": 1.9543981898817784,
        "calmar": 0.6898528963830601,
        "max_drawdown_pct": 0.12751920512122736,
        "max_drawdown_duration": 511,
        "avg_annual_turnover": 9.531361864050794,
        "n_rebalances": 1148
      },
      "n_rounds": 1,
      "max_rounds": 20,
      "rounds": [
        "fine_sticky_diag_12.0"
      ],
      "elapsed_seconds": 8390.491812944412
    }
  },
  "phase_gate_results": {
    "1": {
      "passed": true,
      "criteria": [
        {
          "name": "regimes_above_5pct",
          "target": 3.0,
          "actual": 4.0,
          "passed": true
        },
        {
          "name": "transition_rate",
          "target": 0.008,
          "actual": 0.00926087716232745,
          "passed": true
        },
        {
          "name": "sharpe",
          "target": 0.4,
          "actual": 1.3143062275478519,
          "passed": true
        }
      ],
      "failure_category": null,
      "recommendations": []
    },
    "2": {
      "passed": true,
      "criteria": [
        {
          "name": "all_4_regimes_above_3pct",
          "target": 4.0,
          "actual": 4.0,
          "passed": true
        },
        {
          "name": "sharpe",
          "target": 0.6,
          "actual": 1.374550013703308,
          "passed": true
        }
      ],
      "failure_category": null,
      "recommendations": []
    },
    "3": {
      "passed": true,
      "criteria": [
        {
          "name": "sharpe",
          "target": 0.8,
          "actual": 1.5639022085210181,
          "passed": true
        },
        {
          "name": "calmar",
          "target": 0.5,
          "actual": 1.2535972495835892,
          "passed": true
        },
        {
          "name": "max_dd",
          "target": 0.2,
          "actual": 0.08245820954636167,
          "passed": true
        }
      ],
      "failure_category": null,
      "recommendations": []
    },
    "4": {
      "passed": true,
      "criteria": [
        {
          "name": "sharpe",
          "target": 0.9,
          "actual": 1.5361087209344897,
          "passed": true
        },
        {
          "name": "calmar",
          "target": 0.8,
          "actual": 1.2177604069214314,
          "passed": true
        },
        {
          "name": "max_dd",
          "target": 0.15,
          "actual": 0.08245820954636153,
          "passed": true
        }
      ],
      "failure_category": null,
      "recommendations": []
    }
  },
  "retry_count": {}
}