{
  "phase": 2,
  "goal_progress": {
    "avg_latency": {
      "target": 16.0,
      "actual": 18.142857142857142,
      "pct_of_target": 88.18897637795276
    },
    "avg_action_latency": {
      "target": 12.0,
      "actual": 10.714285714285714,
      "pct_of_target": 112.00000000000001
    },
    "avg_advisory_latency": {
      "target": 8.0,
      "actual": 6.714285714285714,
      "pct_of_target": 119.14893617021276
    },
    "warning_fp_rate": {
      "target": 0.04,
      "actual": 0.03060599877576005,
      "pct_of_target": 76.51499693940012
    },
    "crisis_fp_rate": {
      "target": 0.015,
      "actual": 0.008161599673536014,
      "pct_of_target": 54.41066449024009
    },
    "advisory_fp_rate": {
      "target": 0.45,
      "actual": 0.3154458273821669,
      "pct_of_target": 70.09907275159264
    },
    "preaction_fp_rate": {
      "target": 0.1,
      "actual": 0.08630891654764333,
      "pct_of_target": 86.30891654764334
    },
    "pct_preaction_watch": {
      "target": 0.05,
      "actual": 0.06879777623349548,
      "pct_of_target": 137.59555246699097
    },
    "crises_detected": {
      "target": 7.0,
      "actual": 7.0,
      "pct_of_target": 100.0
    },
    "transitions_per_year": {
      "target": 20.0,
      "actual": 8.66851980542043,
      "pct_of_target": 43.34259902710215
    },
    "avg_recovery_days": {
      "target": 10.0,
      "actual": 6.428571428571429,
      "pct_of_target": 64.28571428571429
    }
  },
  "strengths": [
    "avg_latency: 18.1429 (88% of 16.0000)",
    "avg_action_latency: 10.7143 (112% of 12.0000)",
    "avg_advisory_latency: 6.7143 (119% of 8.0000)",
    "preaction_fp_rate: 0.0863 (86% of 0.1000)",
    "pct_preaction_watch: 0.0688 (138% of 0.0500)",
    "crises_detected: 7.0000 (100% of 7.0000)"
  ],
  "weaknesses": [
    "crisis_fp_rate: 0.0082 (54% of 0.0150)",
    "transitions_per_year: 8.6685 (43% of 20.0000)"
  ],
  "scoring_assessment": "EFFECTIVE",
  "diagnostic_gaps": [],
  "suggested_experiments": [],
  "recommendation": "advance",
  "recommendation_reason": "Gate passed.",
  "report": "======================================================================\nPHASE 2 ANALYSIS\n======================================================================\n\nRecommendation: advance\nReason: Gate passed.\nScoring assessment: EFFECTIVE\n\nStrengths:\n  + avg_latency: 18.1429 (88% of 16.0000)\n  + avg_action_latency: 10.7143 (112% of 12.0000)\n  + avg_advisory_latency: 6.7143 (119% of 8.0000)\n  + preaction_fp_rate: 0.0863 (86% of 0.1000)\n  + pct_preaction_watch: 0.0688 (138% of 0.0500)\n  + crises_detected: 7.0000 (100% of 7.0000)\n\nWeaknesses:\n  - crisis_fp_rate: 0.0082 (54% of 0.0150)\n  - transitions_per_year: 8.6685 (43% of 20.0000)\n\nExtra Analysis:\n  Detection: 7/7 crises, hard/action/advisory latency 18.1d/10.7d/6.7d\n  Corrections: 2/2, avg latency 0.5d\n  FP rates: WARNING=3.06%, CRISIS=0.82%, ADVISORY=31.54%, PREACTION=8.63%\n  Distribution: NORMAL=0.2%, WATCH=92.9%, WARNING=3.4%, CRISIS=3.5%, PREACTION_WATCH=6.9%\n  Recovery: avg 6.4d, max 36.0d post-crisis elevated\n\nGoal Progress:\n  avg_latency: 18.1429 / 16.0000 (88%)\n  avg_action_latency: 10.7143 / 12.0000 (112%)\n  avg_advisory_latency: 6.7143 / 8.0000 (119%)\n  warning_fp_rate: 0.0306 / 0.0400 (77%)\n  crisis_fp_rate: 0.0082 / 0.0150 (54%)\n  advisory_fp_rate: 0.3154 / 0.4500 (70%)\n  preaction_fp_rate: 0.0863 / 0.1000 (86%)\n  pct_preaction_watch: 0.0688 / 0.0500 (138%)\n  crises_detected: 7.0000 / 7.0000 (100%)\n  transitions_per_year: 8.6685 / 20.0000 (43%)\n  avg_recovery_days: 6.4286 / 10.0000 (64%)",
  "scoring_weight_overrides": null,
  "extra": {
    "detection": {
      "crises_detected": 7,
      "total_crises": 7,
      "avg_latency": 18.142857142857142,
      "avg_action_latency": 10.714285714285714,
      "avg_advisory_latency": 6.714285714285714,
      "gfc_latency": 14.0,
      "covid_latency": 10.0
    },
    "corrections": {
      "corrections_detected": 2,
      "total_corrections": 2,
      "correction_avg_latency": 0.5
    },
    "fp_rates": {
      "warning": 0.03060599877576005,
      "crisis": 0.008161599673536014,
      "advisory": 0.3154458273821669,
      "preaction": 0.08630891654764333
    },
    "distribution": {
      "pct_normal": 0.0020847810979847115,
      "pct_watch": 0.9287699791521891,
      "pct_warning": 0.03439888811674774,
      "pct_crisis": 0.03474635163307853,
      "pct_advisory_watch": 0.29812369701181374,
      "pct_preaction_watch": 0.06879777623349548
    },
    "recovery": {
      "avg_recovery_days": 6.428571428571429,
      "max_recovery_days": 36.0
    }
  }
}