{
  "base_score": 0.5730206766580699,
  "final_score": 0.5730206766580699,
  "final_mutations": {
    "flags.plus_1r_partial": false,
    "param_overrides.CHOP_THRESHOLD": 32.0,
    "flags.early_kill": false,
    "param_overrides.MAX_POSITION_BARS_15M": 51.2,
    "flags.vwap_fail_evening": true
  },
  "kept_features": [],
  "rounds": [
    {
      "round_num": 1,
      "candidates_tested": 28,
      "best_name": "suggest_stale_bars_10",
      "best_score": 0.5730206766580699,
      "best_delta_pct": 0.0,
      "kept": false,
      "rejected_count": 5
    }
  ],
  "final_metrics": {
    "total_trades": 174,
    "win_rate": 0.46551724137931033,
    "profit_factor": 1.9645950739893905,
    "max_dd_pct": 0.20650719390443456,
    "net_return_pct": 756.6098000000062,
    "calmar": 36.63842337377084,
    "sharpe": 1.6788842325866629,
    "sortino": 7.3787074935170915,
    "avg_r": 0.3408945371633796,
    "capture_ratio": 0.5120285460338511,
    "stale_exit_pct": 0.4827586206896552,
    "multi_session_pct": 0.20114942528735633,
    "trades_per_month": 5.316663634367452,
    "avg_hold_hours": 9.235632183908047,
    "avg_winner_r": 1.2680952224042634,
    "avg_loser_r": -0.4666673499819063,
    "avg_mfe_r": 1.1050326886225206,
    "evening_trade_pct": 0.10344827586206896,
    "evening_avg_r": -0.08479681612312781,
    "fast_death_pct": 0.2413793103448276
  },
  "total_candidates": 28,
  "accepted_count": 0,
  "elapsed_seconds": 545.305502653122
}