{
  "end_date": "2026-03-20",
  "heat_stats": {
    "avg_heat_pct": 0.0018511815082891943,
    "max_heat_pct": 0.021290269659801745,
    "pct_time_at_limit": 0.0
  },
  "independent_optimizer_final_metrics": {
    "avg_loss_r": -0.8143182772763646,
    "avg_win_r": 2.597435448709013,
    "bear_pf": 1.1585907160269457,
    "big_winner_r": 246.21052894062413,
    "bull_pf": 2.084471014993991,
    "calmar_r": 13.283324408345623,
    "exit_efficiency": 0.3166253404004186,
    "gross_loss_r": 185.66456721901113,
    "gross_win_r": 327.27686653733565,
    "max_r_dd": 10.660907989972195,
    "min_regime_pf": 1.1585907160269457,
    "net_return_pct": 100.47581000000312,
    "profit_factor": 1.8219095171094941,
    "sharpe": 1.226659662167739,
    "short_hold_r": 100.87564855536544,
    "stale_r": 19.4035321022314,
    "tail_pct": 0.7523004346307395,
    "total_r": 141.61229931832452,
    "total_trades": 354,
    "waste_ratio": 0.6324849295638333,
    "win_rate": 35.59322033898305
  },
  "initial_equity": 25000.0,
  "metric_delta_synchronized_minus_independent": {
    "avg_loss_r": 0.021147235025514077,
    "avg_win_r": -0.1420575724754256,
    "bear_pf": -0.1404545450999961,
    "big_winner_r": -26.417090436331733,
    "bull_pf": -0.005362772711594133,
    "calmar_r": -0.5263183286533852,
    "exit_efficiency": -0.014713273612804112,
    "gross_loss_r": -6.407911670318896,
    "gross_win_r": -12.988498379436464,
    "max_r_dd": -0.0760018007243346,
    "min_regime_pf": -0.1404545450999961,
    "net_return_pct": 52.23953999999867,
    "profit_factor": -0.0325617708977366,
    "sharpe": -0.023103131423427126,
    "short_hold_r": -1.1146298981864646,
    "stale_r": -0.10850083950455769,
    "tail_pct": -0.05296358105088417,
    "total_r": -6.5805867091175685,
    "total_trades": 0,
    "waste_ratio": -0.011296435117522097,
    "win_rate": 0.5649717514124291
  },
  "mode": "synchronized_shared_capital_audit",
  "mutations": {
    "flags.disable_circuit_breaker": true,
    "flags.disable_class_a": true,
    "flags.disable_class_c": true,
    "param_overrides.ADD_1H_R": 0.648,
    "param_overrides.ADD_4H_R": 0.25,
    "param_overrides.ADD_MAX_BARS": 18,
    "param_overrides.ADD_MIN_BARS": 2,
    "param_overrides.ADD_RISK_FRAC": 1.716,
    "param_overrides.ADX_UPPER_GATE": 60.5,
    "param_overrides.BE_ATR1H_OFFSET": 0.08,
    "param_overrides.CLASS_B_BAIL_BARS": 9,
    "param_overrides.CLASS_B_BAIL_R_THRESH": -0.35,
    "param_overrides.CLASS_B_MIN_ADX": 28.0,
    "param_overrides.CLASS_B_MOM_LOOKBACK": 5,
    "param_overrides.EARLY_STALE_BARS": 24,
    "param_overrides.EXTREME_VOL_PCT": 999.0,
    "param_overrides.PARTIAL_2P5_FRAC": 0.968,
    "param_overrides.R_BE_1H": 0.945,
    "param_overrides.R_PARTIAL_2P5": 1.8,
    "param_overrides.R_PARTIAL_5": 6.6,
    "param_overrides.STALE_R_THRESH": 0.24,
    "param_overrides.TRAIL_FADE_PENALTY": 1.1,
    "param_overrides.TRAIL_R_DIV": 8.4,
    "param_overrides.TRAIL_STALL_ONSET": 5,
    "param_overrides.TRAIL_STALL_RATE": 0.144,
    "param_overrides.TRAIL_TIMEDECAY_ONSET": 25,
    "param_overrides.TTL_1H_HOURS": 6
  },
  "source_fingerprint": "63f8859665678937890eb2ea102694c1a3a235925bd70765f0590f578a2b6cfa",
  "synchronized_metrics": {
    "avg_loss_r": -0.7931710422508506,
    "avg_win_r": 2.4553778762335874,
    "bear_pf": 1.0181361709269496,
    "big_winner_r": 219.7934385042924,
    "bull_pf": 2.079108242282397,
    "calmar_r": 12.757006079692237,
    "exit_efficiency": 0.3019120667876145,
    "gross_loss_r": 179.25665554869224,
    "gross_win_r": 314.2883681578992,
    "max_r_dd": 10.58490618924786,
    "min_regime_pf": 1.0181361709269496,
    "net_return_pct": 152.7153500000018,
    "profit_factor": 1.7893477462117575,
    "sharpe": 1.203556530744312,
    "short_hold_r": 99.76101865717898,
    "stale_r": 19.29503126272684,
    "tail_pct": 0.6993368535798553,
    "total_r": 135.03171260920695,
    "total_trades": 354,
    "waste_ratio": 0.6211884944463112,
    "win_rate": 36.15819209039548
  },
  "trade_count_by_symbol": {
    "GLD": 167,
    "QQQ": 187
  }
}