{
  "family": "swing",
  "strategy": "helix",
  "round": 2,
  "generated_at_utc": "2026-05-08T09:48:01.192609+00:00",
  "completed_phases": [
    1,
    2,
    3,
    4
  ],
  "mutation_count": 27,
  "cumulative_mutations": {
    "param_overrides.ADX_UPPER_GATE": 60.5,
    "flags.disable_class_a": true,
    "param_overrides.CLASS_B_MOM_LOOKBACK": 5,
    "param_overrides.TRAIL_STALL_ONSET": 5,
    "param_overrides.CLASS_B_BAIL_BARS": 9,
    "param_overrides.ADD_RISK_FRAC": 1.716,
    "param_overrides.ADD_1H_R": 0.648,
    "param_overrides.ADD_4H_R": 0.25,
    "param_overrides.BE_ATR1H_OFFSET": 0.08,
    "param_overrides.PARTIAL_2P5_FRAC": 0.968,
    "param_overrides.EXTREME_VOL_PCT": 999.0,
    "param_overrides.CLASS_B_MIN_ADX": 28.0,
    "param_overrides.TTL_1H_HOURS": 6,
    "param_overrides.R_PARTIAL_2P5": 1.8,
    "param_overrides.ADD_MIN_BARS": 2,
    "param_overrides.R_BE_1H": 0.945,
    "param_overrides.EARLY_STALE_BARS": 24,
    "flags.disable_class_c": true,
    "param_overrides.TRAIL_STALL_RATE": 0.144,
    "param_overrides.TRAIL_FADE_PENALTY": 1.1,
    "param_overrides.TRAIL_TIMEDECAY_ONSET": 25,
    "param_overrides.STALE_R_THRESH": 0.24,
    "param_overrides.R_PARTIAL_5": 6.6,
    "param_overrides.CLASS_B_BAIL_R_THRESH": -0.35,
    "param_overrides.ADD_MAX_BARS": 18,
    "flags.disable_circuit_breaker": true,
    "param_overrides.TRAIL_R_DIV": 8.4
  },
  "headline_metrics": {
    "total_trades": 354,
    "win_rate": 35.59322033898305,
    "profit_factor": 1.8219095171094941,
    "max_drawdown_pct": null,
    "net_return_pct": 100.47581000000312,
    "sharpe_ratio": 1.226659662167739,
    "calmar_ratio": 13.283324408345623
  },
  "final_metrics": {
    "total_trades": 354,
    "profit_factor": 1.8219095171094941,
    "net_return_pct": 100.47581000000312,
    "max_r_dd": 10.660907989972195,
    "exit_efficiency": 0.3166253404004186,
    "waste_ratio": 0.6324849295638333,
    "tail_pct": 0.7523004346307395,
    "bull_pf": 2.084471014993991,
    "bear_pf": 1.1585907160269457,
    "min_regime_pf": 1.1585907160269457,
    "total_r": 141.61229931832452,
    "gross_win_r": 327.27686653733565,
    "gross_loss_r": 185.66456721901113,
    "stale_r": 19.4035321022314,
    "short_hold_r": 100.87564855536544,
    "big_winner_r": 246.21052894062413,
    "sharpe": 1.226659662167739,
    "calmar_r": 13.283324408345623,
    "win_rate": 35.59322033898305,
    "avg_win_r": 2.597435448709013,
    "avg_loss_r": -0.8143182772763646
  },
  "source_diagnostics": null,
  "source_phase_state": null
}