{
  "comparisons": {
    "final_round2_minus_phase1_round1_baseline": {
      "calmar_r": 3.03478462974026,
      "exit_efficiency": 0.0725697171081342,
      "max_r_dd": 0.10852699065855731,
      "min_regime_pf": 0.197666673560707,
      "net_return_pct": 48.544805999998744,
      "profit_factor": 0.17490330336644577,
      "sharpe": 0.19808735033584224,
      "tail_pct": 0.057661159846823185,
      "total_r": 33.17803404685132,
      "total_trades": -5,
      "waste_ratio": 0.028567790964478257
    },
    "final_round2_minus_phase3_pre_phase4_baseline": {
      "calmar_r": 0.9280972505613114,
      "exit_efficiency": 0.04888445127486096,
      "max_r_dd": 1.0284155041551486,
      "min_regime_pf": 0.0949334960703605,
      "net_return_pct": 35.037935999999576,
      "profit_factor": 0.13263887175369327,
      "sharpe": 0.1241849870074545,
      "tail_pct": 0.046341481627824144,
      "total_r": 21.98885556880633,
      "total_trades": 1,
      "waste_ratio": 0.009359498461914861
    },
    "phase3_pre_phase4_baseline_minus_phase1_round1_baseline": {
      "calmar_r": 2.1066873791789487,
      "exit_efficiency": 0.02368526583327324,
      "max_r_dd": -0.9198885134965913,
      "min_regime_pf": 0.1027331774903465,
      "net_return_pct": 13.506869999999168,
      "profit_factor": 0.04226443161275251,
      "sharpe": 0.07390236332838773,
      "tail_pct": 0.01131967821899904,
      "total_r": 11.189178478044994,
      "total_trades": -6,
      "waste_ratio": 0.019208292502563395
    }
  },
  "end_date": "2026-03-20",
  "initial_equity": 25000.0,
  "mode": "synchronized_shared_capital_baseline_comparison",
  "results": {
    "final_round2": {
      "heat_stats": {
        "avg_heat_pct": 0.0018511815082891943,
        "max_heat_pct": 0.021290269659801745,
        "pct_time_at_limit": 0.0
      },
      "metrics": {
        "avg_loss_r": -0.7931710422508506,
        "avg_win_r": 2.4553778762335874,
        "bear_pf": 1.0181361709269496,
        "big_winner_r": 219.7934385042924,
        "bull_pf": 2.079108242282397,
        "calmar_r": 12.757006079692237,
        "exit_efficiency": 0.3019120667876145,
        "gross_loss_r": 179.25665554869224,
        "gross_win_r": 314.2883681578992,
        "max_r_dd": 10.58490618924786,
        "min_regime_pf": 1.0181361709269496,
        "net_return_pct": 152.7153500000018,
        "profit_factor": 1.7893477462117575,
        "sharpe": 1.203556530744312,
        "short_hold_r": 99.76101865717898,
        "stale_r": 19.29503126272684,
        "tail_pct": 0.6993368535798553,
        "total_r": 135.03171260920695,
        "total_trades": 354,
        "waste_ratio": 0.6211884944463112,
        "win_rate": 36.15819209039548
      },
      "mutations": {
        "flags.disable_circuit_breaker": true,
        "flags.disable_class_a": true,
        "flags.disable_class_c": true,
        "param_overrides.ADD_1H_R": 0.648,
        "param_overrides.ADD_4H_R": 0.25,
        "param_overrides.ADD_MAX_BARS": 18,
        "param_overrides.ADD_MIN_BARS": 2,
        "param_overrides.ADD_RISK_FRAC": 1.716,
        "param_overrides.ADX_UPPER_GATE": 60.5,
        "param_overrides.BE_ATR1H_OFFSET": 0.08,
        "param_overrides.CLASS_B_BAIL_BARS": 9,
        "param_overrides.CLASS_B_BAIL_R_THRESH": -0.35,
        "param_overrides.CLASS_B_MIN_ADX": 28.0,
        "param_overrides.CLASS_B_MOM_LOOKBACK": 5,
        "param_overrides.EARLY_STALE_BARS": 24,
        "param_overrides.EXTREME_VOL_PCT": 999.0,
        "param_overrides.PARTIAL_2P5_FRAC": 0.968,
        "param_overrides.R_BE_1H": 0.945,
        "param_overrides.R_PARTIAL_2P5": 1.8,
        "param_overrides.R_PARTIAL_5": 6.6,
        "param_overrides.STALE_R_THRESH": 0.24,
        "param_overrides.TRAIL_FADE_PENALTY": 1.1,
        "param_overrides.TRAIL_R_DIV": 8.4,
        "param_overrides.TRAIL_STALL_ONSET": 5,
        "param_overrides.TRAIL_STALL_RATE": 0.144,
        "param_overrides.TRAIL_TIMEDECAY_ONSET": 25,
        "param_overrides.TTL_1H_HOURS": 6
      },
      "trade_count_by_symbol": {
        "GLD": 167,
        "QQQ": 187
      }
    },
    "phase1_round1_baseline": {
      "heat_stats": {
        "avg_heat_pct": 0.0018362937908307552,
        "max_heat_pct": 0.016645465074923087,
        "pct_time_at_limit": 0.0
      },
      "metrics": {
        "avg_loss_r": -0.7571172726478521,
        "avg_win_r": 2.2562599809242005,
        "bear_pf": 0.8204694973662426,
        "big_winner_r": 179.52561137420017,
        "bull_pf": 1.935410223118928,
        "calmar_r": 9.722221449951977,
        "exit_efficiency": 0.2293423496794803,
        "gross_loss_r": 177.92255907224524,
        "gross_win_r": 279.7762376346009,
        "max_r_dd": 10.476379198589303,
        "min_regime_pf": 0.8204694973662426,
        "net_return_pct": 104.17054400000305,
        "profit_factor": 1.6144444428453117,
        "sharpe": 1.0054691804084697,
        "short_hold_r": 93.02919082966613,
        "stale_r": 20.945856040417098,
        "tail_pct": 0.6416756937330321,
        "total_r": 101.85367856235563,
        "total_trades": 359,
        "waste_ratio": 0.5926207034818329,
        "win_rate": 34.540389972144844
      },
      "mutations": {
        "flags.disable_circuit_breaker": true,
        "flags.disable_class_a": true,
        "flags.disable_class_c": true,
        "param_overrides.ADD_1H_R": 0.72,
        "param_overrides.ADD_4H_R": 0.25,
        "param_overrides.ADD_MAX_BARS": 22,
        "param_overrides.ADD_MIN_BARS": 2,
        "param_overrides.ADD_RISK_FRAC": 1.43,
        "param_overrides.ADX_UPPER_GATE": 60.5,
        "param_overrides.BE_ATR1H_OFFSET": 0.27,
        "param_overrides.CLASS_B_BAIL_BARS": 9,
        "param_overrides.CLASS_B_BAIL_R_THRESH": -0.35,
        "param_overrides.CLASS_B_MIN_ADX": 28.0,
        "param_overrides.CLASS_B_MOM_LOOKBACK": 5,
        "param_overrides.EARLY_STALE_BARS": 24,
        "param_overrides.EXTREME_VOL_PCT": 999.0,
        "param_overrides.PARTIAL_2P5_FRAC": 0.968,
        "param_overrides.R_BE_1H": 0.945,
        "param_overrides.R_PARTIAL_2P5": 1.8,
        "param_overrides.R_PARTIAL_5": 4.0,
        "param_overrides.STALE_R_THRESH": 0.24,
        "param_overrides.TRAIL_FADE_PENALTY": 1.0,
        "param_overrides.TRAIL_STALL_ONSET": 4,
        "param_overrides.TRAIL_STALL_RATE": 0.12,
        "param_overrides.TRAIL_TIMEDECAY_ONSET": 15,
        "param_overrides.TTL_1H_HOURS": 6
      },
      "trade_count_by_symbol": {
        "GLD": 168,
        "QQQ": 191
      }
    },
    "phase3_pre_phase4_baseline": {
      "heat_stats": {
        "avg_heat_pct": 0.0018748852995934381,
        "max_heat_pct": 0.017915957672981684,
        "pct_time_at_limit": 0.0
      },
      "metrics": {
        "avg_loss_r": -0.7764178546169623,
        "avg_win_r": 2.271758206171922,
        "bear_pf": 0.9232026748565891,
        "big_winner_r": 188.39784454268778,
        "bull_pf": 1.9434462085496866,
        "calmar_r": 11.828908829130926,
        "exit_efficiency": 0.25302761551275355,
        "gross_loss_r": 175.4704351434335,
        "gross_win_r": 288.5132921838341,
        "max_r_dd": 9.556490685092712,
        "min_regime_pf": 0.9232026748565891,
        "net_return_pct": 117.67741400000222,
        "profit_factor": 1.6567088744580643,
        "sharpe": 1.0793715437368574,
        "short_hold_r": 92.14470826126535,
        "stale_r": 19.84778603758074,
        "tail_pct": 0.6529953719520312,
        "total_r": 113.04285704040062,
        "total_trades": 353,
        "waste_ratio": 0.6118289959843963,
        "win_rate": 35.977337110481585
      },
      "mutations": {
        "flags.disable_circuit_breaker": true,
        "flags.disable_class_a": true,
        "flags.disable_class_c": true,
        "param_overrides.ADD_1H_R": 0.72,
        "param_overrides.ADD_4H_R": 0.25,
        "param_overrides.ADD_MAX_BARS": 22,
        "param_overrides.ADD_MIN_BARS": 2,
        "param_overrides.ADD_RISK_FRAC": 1.43,