split,net_return_pct,total_pnl_dollars,total_trades,avg_r,dollar_profit_factor,max_dd_pct,win_rate,excellent_trades,qqq_pnl_dollars,qqq_trades,qqq_avg_r,gld_pnl_dollars,gld_trades,gld_avg_r
train,120.93661499999777,120936.61499999806,127.0,0.6336250610105074,2.012925039020122,13.680202359253405,0.5826771653543307,70.0,51323.56500000059,30,0.6412967573295117,69613.04999999749,97,0.6312523714273102
oos,10.997740000000295,10997.740000000016,10.0,0.6610659176816842,3.2781392477695532,3.461484110083319,0.7,6.0,305.0700000000222,1,0.16819578516427353,10692.669999999993,9,0.7158292657391743
