{
  "previous_train_net_return_pct": 998.9535350000014,
  "corrected_train_net_return_pct": 120.93661499999777,
  "corrected_oos_net_return_pct": 10.997740000000295,
  "cause": "Stale same-bar flatten over-credit after T1 partial; exit cash/fill qty now clipped to remaining open quantity.",
  "affected_trade": "GLD long entered 2022-10-26 13:15 UTC; over-credit 529067.58 before downstream compounding effects.",
  "validation_rows": [
    {
      "split": "train",
      "net_return_pct": 120.93661499999777,
      "total_pnl_dollars": 120936.61499999806,
      "total_trades": 127.0,
      "avg_r": 0.6336250610105074,
      "dollar_profit_factor": 2.012925039020122,
      "max_dd_pct": 13.680202359253405,
      "win_rate": 0.5826771653543307,
      "excellent_trades": 70.0,
      "qqq_pnl_dollars": 51323.56500000059,
      "qqq_trades": 30,
      "qqq_avg_r": 0.6412967573295117,
      "gld_pnl_dollars": 69613.04999999749,
      "gld_trades": 97,
      "gld_avg_r": 0.6312523714273102
    },
    {
      "split": "oos",
      "net_return_pct": 10.997740000000295,
      "total_pnl_dollars": 10997.740000000016,
      "total_trades": 10.0,
      "avg_r": 0.6610659176816842,
      "dollar_profit_factor": 3.2781392477695532,
      "max_dd_pct": 3.461484110083319,
      "win_rate": 0.7,
      "excellent_trades": 6.0,
      "qqq_pnl_dollars": 305.0700000000222,
      "qqq_trades": 1,
      "qqq_avg_r": 0.16819578516427353,
      "gld_pnl_dollars": 10692.669999999993,
      "gld_trades": 9,
      "gld_avg_r": 0.7158292657391743
    }
  ]
}
