{
  "phase": 1,
  "goal_progress": {
    "net_return_pct": {
      "target": 200.0,
      "actual": 108.8048580000024,
      "pct_of_target": 54.4024290000012
    },
    "profit_factor": {
      "target": 2.5,
      "actual": 2.2283147274162776,
      "pct_of_target": 89.1325890966511
    },
    "max_r_dd": {
      "target": 8.0,
      "actual": 7.874650066348821,
      "pct_of_target": 101.59181592318424
    },
    "exit_efficiency": {
      "target": 0.35,
      "actual": 0.4204790330526516,
      "pct_of_target": 120.1368665864719
    },
    "min_side_pf": {
      "target": 1.6,
      "actual": 2.1517460419080865,
      "pct_of_target": 134.4841276192554
    },
    "total_trades": {
      "target": 400.0,
      "actual": 269.0,
      "pct_of_target": 67.25
    }
  },
  "strengths": [
    "profit_factor: 2.2283 (89% of 2.5000)",
    "max_r_dd: 7.8747 (102% of 8.0000)",
    "exit_efficiency: 0.4205 (120% of 0.3500)",
    "min_side_pf: 2.1517 (134% of 1.6000)"
  ],
  "weaknesses": [
    "net_return_pct: 108.8049 (54% of 200.0000)"
  ],
  "scoring_assessment": "EFFECTIVE",
  "diagnostic_gaps": [],
  "suggested_experiments": [],
  "recommendation": "advance",
  "recommendation_reason": "Gate passed.",
  "report": "======================================================================\nPHASE 1 ANALYSIS\n======================================================================\n\nRecommendation: advance\nReason: Gate passed.\nScoring assessment: EFFECTIVE\n\nStrengths:\n  + profit_factor: 2.2283 (89% of 2.5000)\n  + max_r_dd: 7.8747 (102% of 8.0000)\n  + exit_efficiency: 0.4205 (120% of 0.3500)\n  + min_side_pf: 2.1517 (134% of 1.6000)\n\nWeaknesses:\n  - net_return_pct: 108.8049 (54% of 200.0000)\n\nExtra Analysis:\n  Class R attribution: B=+45.8R, D=+111.4R\n\nGoal Progress:\n  net_return_pct: 108.8049 / 200.0000 (54%)\n  profit_factor: 2.2283 / 2.5000 (89%)\n  max_r_dd: 7.8747 / 8.0000 (102%)\n  exit_efficiency: 0.4205 / 0.3500 (120%)\n  min_side_pf: 2.1517 / 1.6000 (134%)\n  total_trades: 269.0000 / 400.0000 (67%)",
  "scoring_weight_overrides": null,
  "extra": {
    "class_attribution": {
      "D": 111.39749165338442,
      "B": 45.7502563442213
    }
  }
}