{
  "current_phase": 3,
  "completed_phases": [
    1,
    2,
    3
  ],
  "cumulative_mutations": {
    "sticky_diag": 15.0,
    "use_warm_start": false,
    "use_expanding_window": false,
    "rolling_window_years": 7,
    "refit_ll_tolerance": 5.0,
    "refit_freq": "QE",
    "z_minp": 30,
    "posterior_ema_alpha": 0.65,
    "per_strat_max": 0.5,
    "base_target_vol_annual": 0.08,
    "kappa_totalvol_cap": 1.5,
    "crisis_logit_a": 3.0,
    "stability_weight": 0.8,
    "weight_smoothing_alpha": 0.5,
    "L_max": 1.6,
    "delta_rho_exempt": 0.0,
    "sigma_floor_annual": 0.09,
    "delta_rho_threshold": 0.15,
    "crisis_weights": [
      0.2,
      0.5,
      0.1,
      0.2
    ],
    "scanner_enabled": true,
    "n_ensemble_models": 5,
    "posterior_temperature": 1.2,
    "posterior_smoothing_eps": 0.01,
    "crisis_z_window": 21,
    "posterior_ema_risk_off_alpha": 1.0,
    "warm_start_perturb_std": 0.3
  },
  "phase_results": {
    "1": {
      "baseline_score": 0.5804976440035992,
      "final_score": 0.5882477226285833,
      "final_metrics": {
        "total_return": 3.659851095301728,
        "cagr": 0.06859001263965014,
        "sharpe": 1.2440894147151627,
        "sortino": 1.8301847390409822,
        "calmar": 0.9275711326843862,
        "max_drawdown_pct": 0.07394582498611292,
        "max_drawdown_duration": 334,
        "avg_annual_turnover": 11.681158058171553,
        "n_rebalances": 1148
      },
      "n_rounds": 1,
      "max_rounds": 20,
      "rounds": [
        "combo_roll7y_perturb"
      ],
      "elapsed_seconds": 10300.312367677689
    },
    "2": {
      "baseline_score": 0.6398084401992287,
      "final_score": 0.6442617139454136,
      "final_metrics": {
        "total_return": 3.5001104900628777,
        "cagr": 0.06698446914406331,
        "sharpe": 1.2288872176149201,
        "sortino": 1.8071304083153448,
        "calmar": 0.9010132590345105,
        "max_drawdown_pct": 0.07434348881373973,
        "max_drawdown_duration": 334,
        "avg_annual_turnover": 11.482817000964445,
        "n_rebalances": 1148
      },
      "n_rounds": 1,
      "max_rounds": 1,
      "rounds": [
        "posterior_pair_1p2_0p65"
      ],
      "elapsed_seconds": 2447.013769865036
    },
    "3": {
      "baseline_score": 0.5498529772236754,
      "final_score": 0.5511874509789113,
      "final_metrics": {
        "total_return": 3.4249425785276406,
        "cagr": 0.06621000002532362,
        "sharpe": 1.21292764717152,
        "sortino": 1.7826144713267649,
        "calmar": 0.8861901273895959,
        "max_drawdown_pct": 0.07471308693130556,
        "max_drawdown_duration": 334,
        "avg_annual_turnover": 11.359266444614462,
        "n_rebalances": 1148
      },
      "n_rounds": 1,
      "max_rounds": 1,
      "rounds": [
        "cross_asset_corr_weight_0.2"
      ],
      "elapsed_seconds": 1265.9442474842072
    }
  },
  "phase_gate_results": {
    "1": {
      "passed": true,
      "criteria": [
        {
          "name": "regimes_above_5pct",
          "target": 3.0,
          "actual": 4.0,
          "passed": true
        },
        {
          "name": "transition_rate",
          "target": 0.008,
          "actual": 0.027782631486982352,
          "passed": true
        },
        {
          "name": "sharpe",
          "target": 0.4,
          "actual": 1.9707451776936813,
          "passed": true
        }
      ],
      "failure_category": null,
      "recommendations": []
    },
    "2": {
      "passed": true,
      "criteria": [
        {
          "name": "all_4_regimes_above_3pct",
          "target": 4.0,
          "actual": 4.0,
          "passed": true
        },
        {
          "name": "sharpe",
          "target": 0.6,
          "actual": 1.924558737854383,
          "passed": true
        },
        {
          "name": "alloc_differentiation",
          "target": 0.015,
          "actual": 0.2288113216916885,
          "passed": true
        }
      ],
      "failure_category": null,
      "recommendations": []
    },
    "3": {
      "passed": true,
      "criteria": [
        {
          "name": "sharpe",
          "target": 0.8,
          "actual": 1.8950576890425055,
          "passed": true
        },
        {
          "name": "calmar",
          "target": 0.5,
          "actual": 1.0494702073339366,
          "passed": true
        },
        {
          "name": "max_dd",
          "target": 0.2,
          "actual": 0.0923652915142803,
          "passed": true
        },
        {
          "name": "alloc_differentiation",
          "target": 0.015,
          "actual": 0.227323829251586,
          "passed": true
        },
        {
          "name": "crisis_accuracy",
          "target": 0.3,
          "actual": 0.5219938728163923,
          "passed": true
        }
      ],
      "failure_category": null,
      "recommendations": []
    }
  },
  "retry_count": {}
}