{
  "family": "momentum",
  "strategy": "downturn",
  "round": 1,
  "generated_at_utc": "2026-04-28T11:44:24.986635+00:00",
  "completed_phases": [
    1,
    2,
    3,
    4,
    5
  ],
  "mutation_count": 13,
  "cumulative_mutations": {
    "flags.drawdown_regime_override": true,
    "param_overrides.drawdown_lookback": 10,
    "param_overrides.adx_range_threshold": 20,
    "param_overrides.divergence_mag_threshold": 0.05,
    "param_overrides.adx_trending_threshold": 18,
    "param_overrides.ema_fast_period": 15,
    "param_overrides.base_risk_pct": 0.008,
    "param_overrides.regime_mult_counter": 0.2,
    "flags.chandelier_trailing": true,
    "param_overrides.chandelier_lookback": 8,
    "param_overrides.profit_floor_r_threshold": 1.5,
    "flags.vol_percentile_gate": 40.0,
    "param_overrides.be_trigger_r": 0.8
  },
  "headline_metrics": {
    "total_trades": 119,
    "win_rate": 42.016806722689076,
    "profit_factor": 1.273603518509739,
    "max_drawdown_pct": 29.197894368207923,
    "net_return_pct": 30.009599999999992,
    "sharpe_ratio": -0.40471814961951097,
    "calmar_ratio": 0.31055831651807747
  },
  "final_metrics": {
    "total_trades": 119,
    "profit_factor": 1.273603518509739,
    "max_dd_pct": 0.2919789436820792,
    "calmar": 0.31055831651807747,
    "sharpe": -0.40471814961951097,
    "net_return_pct": 30.009599999999992,
    "win_rate": 0.42016806722689076,
    "reversal_trades": 8,
    "reversal_wr": 0.25,
    "reversal_avg_r": -0.4029458532781156,
    "breakdown_trades": 35,
    "breakdown_wr": 0.4,
    "breakdown_avg_r": -0.10904872462756952,
    "fade_trades": 76,
    "fade_wr": 0.4473684210526316,
    "fade_avg_r": -0.27886685466273475,
    "momentum_trades": 0,
    "momentum_wr": 0.0,
    "momentum_avg_r": 0.0,
    "median_hold_5m": 20.0,
    "correction_pnl_pct": 51.751999999999995,
    "bear_regime_pnl": 1853.02,
    "signal_to_entry_ratio": 0.09826589595375723,
    "regime_detection_latency": 0.0,
    "exit_efficiency": 0.7720466660991343,
    "bear_capture_ratio": 0.035751711392378656,
    "correction_capture_ratio": 0.13228133215180105,
    "sortino": -0.3316338758981722,
    "correction_coverage": 0.5294117647058824,
    "exit_quality": 2.0732724855115157,
    "tp_hit_rates": {
      "reversal_tp1": 0.25,
      "reversal_tp2": 0.0,
      "reversal_tp3": 0.0,
      "breakdown_tp1": 0.4,
      "breakdown_tp2": 0.0,
      "breakdown_tp3": 0.0,
      "fade_tp1": 0.3815789473684211,
      "fade_tp2": 0.013157894736842105,
      "fade_tp3": 0.0
    },
    "avg_mfe_capture": 0.7720466660991343
  },
  "source_diagnostics": "C:\\Users\\sehyu\\Documents\\Other\\Projects\\trading\\backtests\\momentum\\auto\\downturn\\output\\r8_full_diagnostics.txt",
  "source_phase_state": "C:\\Users\\sehyu\\Documents\\Other\\Projects\\trading\\backtests\\momentum\\auto\\downturn\\output\\phase_state.json"
}